Supplier,Email,Full Name,Billing Address,Phone,Deleted,Tax Id,Balance,Last Modified By,Supplier Display Name,Created Date,Last Modified Date
2NK INVESTMENT P051592111Q,,2NK INVESTMENT P051592111Q,,,False,,,Mary Wangeci,2NK INVESTMENT P051592111Q,2025-04-01T12:37:50,2025-04-01T12:37:50
2NK LTD P051124413F,,2NK LTD P051124413F,,,False,,,Mary Wangeci,2NK LTD P051124413F,2025-09-05T09:53:09,2025-09-05T09:53:09
4 N.T.E Sacco,,4 N.T.E Sacco,,,False,,-116.0,Samuel Muchemi,4 N.T.E Sacco,2022-09-28T18:17:41,2023-08-15T12:48:47
AAR INSURANCE COMPANY LIMITED,,AAR INSURANCE COMPANY LIMITED,,,False,,,Samuel Muchemi,AAR INSURANCE COMPANY LIMITED,2022-09-28T18:17:41,2022-09-28T18:17:41
ABEDI ENTERPRISES LTD P052157494N,,ABEDI ENTERPRISES LTD P052157494N,,,False,,,Mary Wangeci,ABEDI ENTERPRISES LTD P052157494N,2023-05-03T09:46:04,2023-05-03T09:46:04
ABEDI STATIONERS,,,,,False,,,Mary Wangeci,ABEDI STATIONERS,2023-10-31T10:07:40,2023-10-31T10:07:40
ABUDANT GRACE SUPER STORES,,,,,False,,,Mary Wangeci,ABUDANT GRACE SUPER STORES,2023-10-31T09:55:57,2023-10-31T09:55:57
ABUNDANT GRACE SUPER STORES,,ABUNDANT GRACE SUPER STORES,,,False,,,Mary Wangeci,ABUNDANT GRACE SUPER STORES,2023-05-03T09:48:42,2023-05-03T09:48:42
ACK PARKING SILO,,ACK PARKING SILO,,,False,,,Mary Wangeci,ACK PARKING SILO,2025-10-03T11:30:59,2025-10-03T11:30:59
ACME Auto TyresP051548965A,,ACME Auto TyresP051548965A,,,False,,,Samuel Muchemi,ACME Auto TyresP051548965A,2022-09-28T18:17:42,2022-09-28T18:17:42
ADLI EXPRESS LIMITED P051723684Q,,,,,False,,,Mary Wangeci,ADLI EXPRESS LIMITED P051723684Q,2024-06-03T15:13:20,2024-06-03T15:13:20
AFRIMEDLINE LTD,,,,,False,,,Mary Wangeci,AFRIMEDLINE LTD,2024-03-28T13:02:44,2024-03-28T13:02:44
Agile Industries Ltd,,Agile Industries Ltd,,,False,,,Mary Wangeci,Agile Industries Ltd,2022-11-03T08:33:35,2022-11-03T08:33:35
AGITECH,,,,,False,,,Mary Wangeci,AGITECH,2024-11-05T15:29:35,2024-11-05T15:29:35
agrichem,,agrichem,,,False,,,Samuel Muchemi,agrichem,2022-09-28T18:17:42,2022-09-28T18:17:42
AgriFarm Biologicals Ltd,sales@agrifarmbiologicals.co.ke,Agrifarm Biologicals Ltd,P.O Box 12775 Nairobi  00400 Kenya,0725538297,False,P051657768C,-63000.0,Sheila Maina,AgriFarm Biologicals Ltd,2023-01-13T12:45:31,2023-08-24T12:14:39
AGVENTURE LIMITED P051307534B,,AGVENTURE LIMITED P051307534B,,,False,,-7273.0,Mary Wangeci,AGVENTURE LIMITED P051307534B,2022-12-02T11:23:09,2023-02-07T12:19:55
Ainu Shamshi Energy Ltd,,Ainu Shamshi Energy Ltd,,,False,,,Samuel Muchemi,Ainu Shamshi Energy Ltd,2022-09-28T18:17:42,2022-09-28T18:17:42
AIRTEL,,AIRTEL,,,False,,,Samuel Muchemi,AIRTEL,2022-09-28T18:17:42,2022-09-28T18:17:42
ALIMAR AUTO SPARES,,ALIMAR AUTO SPARES,,,False,,,Mary Wangeci,ALIMAR AUTO SPARES,2025-09-05T12:19:49,2025-09-05T12:19:49
ALPAC  STEEL WORKS,,ALPAC  STEEL WORKS,,,False,,,Mary Wangeci,ALPAC  STEEL WORKS,2023-04-28T12:01:34,2023-04-28T12:01:34
ALPAC STELL WORK,,ALPAC STELL WORK,,,False,,,Mary Wangeci,ALPAC STELL WORK,2023-05-24T11:31:39,2023-05-24T11:31:39
Alphonce,,Alphonce,,0728271841,False,,,Samuel Muchemi,Alphonce,2022-09-28T18:17:42,2022-09-28T18:17:42
AMAR AUTO SPARES,,AMAR AUTO SPARES,,,False,,,Samuel Muchemi,AMAR AUTO SPARES,2022-09-28T18:17:42,2022-09-28T18:17:42
AMARIS CHEMICALS,,,,,False,,,Mary Wangeci,AMARIS CHEMICALS,2024-09-02T12:16:18,2024-09-02T12:16:18
Amex Auto Parts P051189348K,,Amex Auto Parts P051189348K,,,False,,,Mary Wangeci,Amex Auto Parts P051189348K,2022-11-03T11:46:57,2022-11-03T11:46:57
AMPEX ELECTRICALS,,AMPEX  ELECTRICALS,,,False,,,Samuel Muchemi,AMPEX ELECTRICALS,2022-09-28T18:17:42,2022-09-28T18:17:42
Analytics  Solutions,,Analytics  Solutions,,,False,,14830.0,Mary Wangeci,Analytics  Solutions,2023-04-04T10:38:49,2023-04-04T10:38:55
ANAYAH AUTO SPARES,,ANAYAH AUTO SPARES,,,False,,,Mary Wangeci,ANAYAH AUTO SPARES,2025-03-10T10:01:12,2025-03-10T10:01:12
ANDERSON MBITI,,,,,False,,,Mary Wangeci,ANDERSON MBITI,2023-11-02T08:55:57,2023-11-02T08:55:57
ANGAZA BOOK MERCHANTS A012635976R,,,,,False,,,Mary Wangeci,ANGAZA BOOK MERCHANTS A012635976R,2023-09-28T09:33:51,2023-09-28T09:33:51
Angelina,,Angelina,,0713059975,False,,,Samuel Muchemi,Angelina,2022-09-28T18:17:42,2022-09-28T18:17:42
ANGELITECH COMPUTERS,,ANGELITECH  COMPUTERS,,,False,,,Samuel Muchemi,ANGELITECH COMPUTERS,2022-09-28T18:17:42,2022-09-28T18:17:42
ANGOLA AUTO GARAGE,,ANGOLA AUTO GARAGE,,,False,,,Samuel Muchemi,ANGOLA AUTO GARAGE,2022-09-28T18:17:42,2022-09-28T18:17:42
ANNEX PEROL STATION,,ANNEX PEROL STATION,,,False,,,Samuel Muchemi,ANNEX PEROL STATION,2022-09-28T18:17:42,2022-09-28T18:17:42
ANNEX PETROL STATION,,ANNEX PETROL STATION,,,False,,,Samuel Muchemi,ANNEX PETROL STATION,2022-09-28T18:17:42,2022-09-28T18:17:42
Antech Stationers,,Antech  Stationers,,,False,,,Samuel Muchemi,Antech Stationers,2022-09-28T18:17:42,2022-09-28T18:17:42
ANTHONY MUCHIRI,,,,,False,,,Mary Wangeci,ANTHONY MUCHIRI,2023-10-03T11:05:04,2023-10-03T11:05:04
ANTHONY MUTHONI,,,,,False,,,Mary Wangeci,ANTHONY MUTHONI,2024-12-10T15:36:06,2024-12-10T15:36:06
ANTONY KAGUNDA,,ANTONY  KAGUNDA,,,False,,-4000.0,Samuel Muchemi,ANTONY KAGUNDA,2022-09-28T18:17:42,2023-09-22T11:23:53
Apex Auto Spares,,Apex Auto Spares,,,False,,,Samuel Muchemi,Apex Auto Spares,2022-09-28T18:17:42,2022-09-28T18:17:42
Apex Hardware,,Apex  Hardware,,,False,,,Samuel Muchemi,Apex Hardware,2022-09-28T18:17:42,2022-09-28T18:17:42
ARTCAFFE COFFEE & BAKERY,,,,,False,,,Mary Wangeci,ARTCAFFE COFFEE & BAKERY,2023-08-24T09:16:42,2023-08-24T09:16:42
Ashut Plastics Ltdas,,Ashut Plastics Ltdas,,,False,,-2316.0,Sheila Maina,Ashut Plastics Ltdas,2022-10-04T16:13:19,2024-06-10T14:39:39
Ashut Plastics Ltdas P051897122Z,,,,,False,,,Mary Wangeci,Ashut Plastics Ltdas P051897122Z,2023-09-06T10:35:58,2023-09-06T10:35:58
Ashut Plastics Ltd P051897122Z,,,,,False,,,Mary Wangeci,Ashut Plastics Ltd P051897122Z,2024-04-03T15:38:09,2024-04-03T15:38:09
ASL CHEMICALS LTD  P000609289O,,,,,False,,,Mary Wangeci,ASL CHEMICALS LTD  P000609289O,2025-02-05T12:28:58,2025-02-05T12:28:58
ASTROL PETROLEUM P051141264M,,,,,False,,,Mary Wangeci,ASTROL PETROLEUM P051141264M,2025-06-19T10:01:22,2025-06-19T10:01:22
Atam Service Station P051188746K,,Atam Service Station P051188746K,,,False,,,Samuel Muchemi,Atam Service Station P051188746K,2022-09-28T18:17:43,2022-09-28T18:17:43
ATHI RIVER SERVICE STATION,,ATHI RIVER SERVICE STATION,,,False,,,Samuel Muchemi,ATHI RIVER SERVICE STATION,2022-09-28T18:17:43,2022-09-28T18:17:43
Augustine Kioko,,Augustine  Kioko,,,False,,,Samuel Muchemi,Augustine Kioko,2022-09-28T18:17:43,2022-09-28T18:17:43
AUTO ALEXYS TYRE CENTRE,,AUTO ALEXYS TYRE CENTRE,,,False,,,Mary Wangeci,AUTO ALEXYS TYRE CENTRE,2023-02-13T14:40:12,2023-02-13T14:40:12
AUTO CENTERE,,AUTO  CENTERE,,,False,,,Samuel Muchemi,AUTO CENTERE,2022-09-28T18:17:43,2022-09-28T18:17:43
Auto Centre Garage Buruburu,,Auto Centre Garage Buruburu,,,False,,,Mary Wangeci,Auto Centre Garage Buruburu,2022-11-03T11:37:07,2022-11-03T11:37:07
Autocross Car wash,,Autocross Car wash,,,False,,,Samuel Muchemi,Autocross Car wash,2022-09-28T18:17:43,2022-09-28T18:17:43
AUTO GARAGE & SPARES,,AUTO GARAGE & SPARES,,,False,,,Mary Wangeci,AUTO GARAGE & SPARES,2023-01-31T15:02:31,2023-01-31T15:02:31
Auto General Ltd P051598407Z,,Auto General Ltd P051598407Z,,,False,,,Samuel Muchemi,Auto General Ltd P051598407Z,2022-09-28T18:17:43,2022-09-28T18:17:43
Auto Metrix P051547685Z,,,,,False,,,Mary Wangeci,Auto Metrix P051547685Z,2024-02-06T11:44:10,2024-02-06T11:44:10
Auto Park General Supplies P051598407Z,,Auto Park General Supplies P051598407Z,,,False,,,Samuel Muchemi,Auto Park General Supplies P051598407Z,2022-09-28T18:17:43,2022-09-28T18:17:43
Auto Part & General Hardware,,Auto Part & General Hardware,,,False,,,Samuel Muchemi,Auto Part & General Hardware,2022-09-28T18:17:43,2022-09-28T18:17:43
Auto Quip Kings,,Auto Quip Kings,,,False,,,Samuel Muchemi,Auto Quip Kings,2022-09-28T18:17:43,2022-09-28T18:17:43
Autoquip Kings Ltd P051965026M,,Autoquip Kings Ltd P051965026M,,,False,,,Mary Wangeci,Autoquip Kings Ltd P051965026M,2022-11-03T12:55:30,2022-11-03T12:55:30
AVOCADO SOCIETY OF KENYA,,,,,False,,,Mary Wangeci,AVOCADO SOCIETY OF KENYA,2024-02-07T09:01:41,2024-02-07T09:01:41
AVOCADO SOCIETY OF KENYA ASSOCIATION,,,,,False,,,Mary Wangeci,AVOCADO SOCIETY OF KENYA ASSOCIATION,2024-02-07T09:02:30,2024-02-07T09:02:30
Awali Energies Ltd P051570079I,,Awali Energies Ltd P051570079I,,,False,,,Samuel Muchemi,Awali Energies Ltd P051570079I,2022-09-28T18:17:43,2022-09-28T18:17:43
AXIS ELECTRONICS,,AXIS  ELECTRONICS,,,False,,,Samuel Muchemi,AXIS ELECTRONICS,2022-09-28T18:17:43,2022-09-28T18:17:43
AXIS ELECTRONOCS,,AXIS  ELECTRONOCS,,,False,,,Samuel Muchemi,AXIS ELECTRONOCS,2022-09-28T18:17:43,2022-09-28T18:17:43
BANCY PAN ENTERPRISES,,BANCY PAN ENTERPRISES,,,False,,,Samuel Muchemi,BANCY PAN ENTERPRISES,2022-09-28T18:17:43,2022-09-28T18:17:43
BANEFAM LTD,,BANEFAM  LTD,,,False,,,Samuel Muchemi,BANEFAM LTD,2022-09-28T18:17:43,2022-09-28T18:17:43
BANEFAM LTD P051302336P,,BANEFAM LTD P051302336P,,,False,,,Mary Wangeci,BANEFAM LTD P051302336P,2023-02-13T14:29:49,2023-02-13T14:29:49
Banita Hardware,,Banita  Hardware,,,False,,,Mary Wangeci,Banita Hardware,2025-03-10T09:41:00,2025-03-10T09:41:00
BASELINE MOTOR MART LTD,,BASELINE MOTOR MART LTD,,,False,,,Samuel Muchemi,BASELINE MOTOR MART LTD,2022-09-28T18:17:43,2022-09-28T18:17:43
BATT MOTORS INVESTMENT,,BATT MOTORS INVESTMENT,,,False,,,Mary Wangeci,BATT MOTORS INVESTMENT,2025-07-01T09:30:59,2025-07-01T09:30:59
BAZAAR ELECTRICALS,,BAZAAR  ELECTRICALS,,,False,,,Samuel Muchemi,BAZAAR ELECTRICALS,2022-09-28T18:17:43,2022-09-28T18:17:43
BEATRICE MMWENDE,,BEATRICE  MMWENDE,,,False,,,Mary Wangeci,BEATRICE MMWENDE,2025-06-05T09:48:43,2025-06-05T09:48:43
BEGININGS KOINANGE INVEST &DEV LTD P000593219O,,BEGININGS KOINANGE INVEST &DEV LTD P000593219O,,,False,,,Mary Wangeci,BEGININGS KOINANGE INVEST &DEV LTD P000593219O,2023-02-17T11:46:34,2023-02-17T11:46:34
BELEA AGROVETS,,,,,False,,,Mary Wangeci,BELEA AGROVETS,2023-08-04T10:37:23,2023-08-04T10:37:23
Belhmann Africa company Ltd,,Belhmann Africa company Ltd,,,False,,,Samuel Muchemi,Belhmann Africa company Ltd,2022-09-28T18:17:43,2022-09-28T18:17:43
BENARD MUEMA,,BENARD  MUEMA,,,False,,,Samuel Muchemi,BENARD MUEMA,2022-09-28T18:17:44,2022-09-28T18:17:44
BENCH BUTCHERY,,,,,False,,,Mary Wangeci,BENCH BUTCHERY,2023-06-29T08:41:36,2023-06-29T08:41:36
BENFORD ICT SOLUTIONS,,BENFORD ICT SOLUTIONS,"0719790255
JEWEL PLAZA TRM DRIVE",,False,,,Mary Wangeci,BENFORD ICT SOLUTIONS,2025-09-05T12:22:23,2025-09-05T12:22:23
Bensaga Auto Spares,,Bensaga Auto Spares,,,False,,,Mary Wangeci,Bensaga Auto Spares,2022-11-03T12:21:36,2022-11-03T12:21:36
Bensanga Auto spares,,Bensanga Auto spares,,,False,,,Mary Wangeci,Bensanga Auto spares,2022-11-03T08:18:49,2022-11-03T08:18:49
Benson Warutere,,Benson  Warutere,,,False,,,Samuel Muchemi,Benson Warutere,2022-09-28T18:17:44,2022-09-28T18:17:44
BIG TIME SAFARIS A000190261A,,,,,False,,,Mary Wangeci,BIG TIME SAFARIS A000190261A,2024-02-06T11:56:12,2024-02-06T11:56:12
BILKHEIR FILLING STATION,,BILKHEIR FILLING STATION,,,False,,,Samuel Muchemi,BILKHEIR FILLING STATION,2022-09-28T18:17:44,2022-09-28T18:17:44
BIOFLORENS AGRO,,BIOFLORENS AGRO,,,False,,,Mary Wangeci,BIOFLORENS AGRO,2023-05-09T10:16:47,2023-05-09T10:16:47
BIOLINE AGROSCIENCES,Angela.Njenga@dudutech.com,,,+254 721201284,False,,-38000.0,Mary Wangeci,BIOLINE AGROSCIENCES,2024-03-05T16:39:50,2024-07-04T10:15:12
Bionule Biotech,,Bionule  Biotech,,,False,,,Sheila Maina,Bionule Biotech,2022-10-18T10:54:22,2023-01-13T10:49:31
BIONULE BIOTEK,bionulebiotek@gmail.com,,"SF 201 CLOVER TOWER SURBHI VATICA
SAMA SAVLI ROAD VADODARA-390022",+(91)94048815661,False,,,Mary Wangeci,BIONULE BIOTEK,2023-10-06T08:46:34,2024-01-15T15:42:58
Bobmill Industry.,,Bobmill  Industry.,,0738871598,False,,,Samuel Muchemi,Bobmill Industry.,2022-09-28T18:17:44,2022-09-28T18:17:44
BONJOUR ENERGY LTD P051698808V,,,,,False,,,Mary Wangeci,BONJOUR ENERGY LTD P051698808V,2023-09-28T15:24:38,2023-09-28T15:24:38
BOON WELL LIMITED P051136297J,,,,,False,,,Mary Wangeci,BOON WELL LIMITED P051136297J,2024-09-02T12:05:14,2024-09-02T12:05:14
Boru Electricals,,Boru  Electricals,,,False,,,Samuel Muchemi,Boru Electricals,2022-09-28T18:17:44,2022-09-28T18:17:44
BOXLEO COURIER & FULLFILLMENT SERVICES,,BOXLEO COURIER & FULLFILLMENT SERVICES,,,False,,,Mary Wangeci,BOXLEO COURIER & FULLFILLMENT SERVICES,2023-03-29T15:16:38,2023-03-29T15:16:38
Brain Waves Technicians,,Brain Waves Technicians,,,False,,,Samuel Muchemi,Brain Waves Technicians,2022-09-28T18:17:44,2022-09-28T18:17:44
BRAKE EXPERTS & AUTOSPARES,,BRAKE EXPERTS & AUTOSPARES,,,False,,,Samuel Muchemi,BRAKE EXPERTS & AUTOSPARES,2022-09-28T18:17:44,2022-09-28T18:17:44
BRIDGE HOTEL,,,,,False,,,Mary Wangeci,BRIDGE HOTEL,2024-02-06T12:06:12,2024-02-06T12:06:12
BRIFO ENTERPRISES,,,,,False,,,Mary Wangeci,BRIFO ENTERPRISES,2023-10-31T10:02:56,2023-10-31T10:02:56
BROADWAY PERTOLEUM LTD P051332642T,,,,,False,,,Mary Wangeci,BROADWAY PERTOLEUM LTD P051332642T,2023-08-22T15:35:57,2023-08-22T15:35:57
BROADWAY PETROLEUM P051332642T,,BROADWAY PETROLEUM P051332642T,,,False,,,Samuel Muchemi,BROADWAY PETROLEUM P051332642T,2022-09-28T18:17:44,2022-09-28T18:17:44
BROSIS UNITED COMPANY LTD P051362440S,,,,,False,,,Mary Wangeci,BROSIS UNITED COMPANY LTD P051362440S,2024-12-10T15:52:46,2024-12-10T15:52:46
BUMANEST LIMITED P051847925U,,,,,False,,,Mary Wangeci,BUMANEST LIMITED P051847925U,2024-03-08T09:33:06,2024-03-08T09:33:06
BURU BURU AUTO GARAGE,,BURU BURU AUTO GARAGE,,,False,,,Samuel Muchemi,BURU BURU AUTO GARAGE,2022-09-28T18:17:44,2022-09-28T18:17:44
BUSHRAT ENTERPRISES,,,,,False,,,Mary Wangeci,BUSHRAT ENTERPRISES,2024-02-06T15:17:27,2024-02-06T15:17:27
BY FAITH HARDWARE,,BY FAITH HARDWARE,,,False,,,Mary Wangeci,BY FAITH HARDWARE,2023-03-29T15:56:35,2023-03-29T15:56:35
CABON PETROLEUM LIMITED P051809768F,,CABON PETROLEUM LIMITED P051809768F,,,False,,,Mary Wangeci,CABON PETROLEUM LIMITED P051809768F,2025-08-07T09:56:02,2025-08-07T09:56:02
CANON GENERAL INSURANCE LTD,,,,,False,,-8200.0,Mary Wangeci,CANON GENERAL INSURANCE LTD,2023-10-31T15:30:38,2024-02-07T08:42:20
CAPTAIN HEYKAL VENTURES P051886367C,,CAPTAIN HEYKAL VENTURES P051886367C,,,False,,,Mary Wangeci,CAPTAIN HEYKAL VENTURES P051886367C,2023-05-30T09:50:20,2023-05-30T09:50:20
car fits autoshine,,car fits autoshine,,,False,,,Mary Wangeci,car fits autoshine,2025-04-07T13:17:30,2025-04-07T13:17:30
CARIBOU TRADERS LTD P051693101V,,CARIBOU TRADERS LTD P051693101V,,,False,,,Mary Wangeci,CARIBOU TRADERS LTD P051693101V,2025-07-01T09:29:53,2025-07-01T09:29:53
CAROL WANJIRU PROMOTER,,,,,False,,,Mary Wangeci,CAROL WANJIRU PROMOTER,2023-09-29T14:44:42,2023-09-29T14:44:42
Carrefour,,Carrefour,,,False,,,Samuel Muchemi,Carrefour,2022-09-28T18:17:44,2022-09-28T18:17:44
CARREFOUR P051522497N,,CARREFOUR P051522497N,,,False,,,Mary Wangeci,CARREFOUR P051522497N,2023-02-13T15:13:47,2023-02-13T15:13:47
Carry On Restaurant,,Carry On Restaurant,,,False,,,Mary Wangeci,Carry On Restaurant,2022-11-03T12:50:54,2022-11-03T12:50:54
CARTONS MANUFACTURERS LTD,,CARTONS MANUFACTURERS LTD,,,False,,,Mary Wangeci,CARTONS MANUFACTURERS LTD,2026-04-07T12:01:17,2026-04-07T12:01:17
CAR WORLD AUTO SPARES,,CAR WORLD AUTO SPARES,,,False,,,Mary Wangeci,CAR WORLD AUTO SPARES,2023-03-29T15:57:21,2023-03-29T15:57:21
CASTLE GARDENS,,CASTLE  GARDENS,,,False,,,Mary Wangeci,CASTLE GARDENS,2025-04-03T11:29:26,2025-04-03T11:29:26
Celcius Power Ltd,,Celcius Power Ltd,,,False,,,Samuel Muchemi,Celcius Power Ltd,2022-09-28T18:17:44,2022-09-28T18:17:44
CELIM COMMERCIAL AGENCIES LTD,,CELIM COMMERCIAL AGENCIES LTD,,,False,,,Mary Wangeci,CELIM COMMERCIAL AGENCIES LTD,2023-05-09T10:23:37,2023-05-09T10:23:37
CENTRAL LINK BREAKDOWN SERVICES,,,,,False,,,Mary Wangeci,CENTRAL LINK BREAKDOWN SERVICES,2023-08-22T15:48:02,2023-08-22T15:48:02
CENTURY PETROLEUM DEALERS LIMITED P051463080C,,CENTURY PETROLEUM DEALERS LIMITED P051463080C,,,False,,,Mary Wangeci,CENTURY PETROLEUM DEALERS LIMITED P051463080C,2025-07-01T09:40:17,2025-07-01T09:40:17
Chance Aluminium & Glass Mart Contractors,,Chance Aluminium & Glass Mart Contractors,,,False,,,Mary Wangeci,Chance Aluminium & Glass Mart Contractors,2022-11-03T10:47:43,2022-11-03T10:47:43
CHANDARIA,,,,,False,,,Mary Wangeci,CHANDARIA,2023-07-03T11:14:12,2023-07-03T11:14:12
Chania Travellers,,Chania  Travellers,,,False,,,Samuel Muchemi,Chania Travellers,2022-09-28T18:17:44,2022-09-28T18:17:44
CHARLES HANNAH ROSES,,,,,False,,,Mary Wangeci,CHARLES HANNAH ROSES,2023-11-23T09:35:36,2023-11-23T09:35:36
Check Point Auto Parts,,Check Point Auto Parts,,,False,,,Mary Wangeci,Check Point Auto Parts,2022-11-03T10:55:31,2022-11-03T10:55:31
Chemical & school supplies ltd,,Chemical & school supplies ltd,,,False,,,Samuel Muchemi,Chemical & school supplies ltd,2022-09-28T18:17:44,2022-09-28T18:17:44
Chemtica Internacional,,Chemtica  Internacional,,(305)374-0855,False,,1079044.4,Samuel Muchemi,Chemtica Internacional,2022-09-28T18:17:44,2026-04-24T15:28:58
CHINA SQUARE P052137613R,,CHINA SQUARE P052137613R,,,False,,,Mary Wangeci,CHINA SQUARE P052137613R,2023-04-28T12:10:12,2023-04-28T12:10:12
CHINESE CORNER LTD P000599128F,,,,,False,,,Mary Wangeci,CHINESE CORNER LTD P000599128F,2024-02-06T11:39:31,2024-02-06T11:39:31
CHINESE DIANI RESTAURANT A002496903U,,,,,False,,,Mary Wangeci,CHINESE DIANI RESTAURANT A002496903U,2024-02-06T11:59:08,2024-02-06T11:59:08
CHRIDAL ENTERPRISES LIMITED,,,,,False,,,Mary Wangeci,CHRIDAL ENTERPRISES LIMITED,2023-06-29T08:46:53,2023-06-29T08:46:53
CHUKA FILLING STATION,,CHUKA FILLING STATION,,,False,,,Samuel Muchemi,CHUKA FILLING STATION,2022-09-28T18:17:44,2022-09-28T18:17:44
CITYCOM OIL LTD P051569997M,,,,,False,,,Mary Wangeci,CITYCOM OIL LTD P051569997M,2023-11-16T12:53:18,2023-11-16T12:55:11
CITY SPRING WATER,,CITY SPRING WATER,,,False,,,Samuel Muchemi,CITY SPRING WATER,2022-09-28T18:17:45,2022-09-28T18:17:45
CLARITY MEDIA,,CLARITY MEDIA,,,False,,,Mary Wangeci,CLARITY MEDIA,2022-12-19T16:19:50,2022-12-19T16:19:50
Classic Auto Spares,,Classic Auto Spares,,,False,,,Mary Wangeci,Classic Auto Spares,2022-11-03T12:42:34,2022-11-03T12:42:34
CLIFF ARASA,,CLIFF  ARASA,,,False,,,Samuel Muchemi,CLIFF ARASA,2022-09-28T18:17:45,2022-09-28T18:17:45
Coast Mail Co.,,Coast Mail Co.,,,False,,,Samuel Muchemi,Coast Mail Co.,2022-09-28T18:17:45,2022-09-28T18:17:45
COMORANI ENERGY ENTERPRISE LIMITED P052205642X,,COMORANI ENERGY ENTERPRISE LIMITED P052205642X,,,False,,,Mary Wangeci,COMORANI ENERGY ENTERPRISE LIMITED P052205642X,2025-08-07T09:52:13,2025-08-07T09:52:13
Concorde Service Station,,Concorde Service Station,,,False,,,Samuel Muchemi,Concorde Service Station,2022-09-28T18:17:45,2022-09-28T18:17:45
CONFEDERATE GLOBAL P051549169Y,,CONFEDERATE GLOBAL P051549169Y,,,False,,,Samuel Muchemi,CONFEDERATE GLOBAL P051549169Y,2022-09-28T18:17:45,2022-09-28T18:17:45
CONTINENTAL INN CO. LTD,,CONTINENTAL INN CO. LTD,,,False,,,Samuel Muchemi,CONTINENTAL INN CO. LTD,2022-09-28T18:17:45,2022-09-28T18:17:45
CONTINENTAL INN COMPANY P051164419P,,,,,False,,,Mary Wangeci,CONTINENTAL INN COMPANY P051164419P,2023-09-28T09:28:01,2023-09-28T09:28:01
CORPORATE SOLUTIONS CONSULTANCY,,CORPORATE SOLUTIONS CONSULTANCY,,,False,,,Mary Wangeci,CORPORATE SOLUTIONS CONSULTANCY,2023-04-04T11:14:53,2023-04-04T11:14:53
Crown Bus Services,,Crown Bus Services,,,False,,,Samuel Muchemi,Crown Bus Services,2022-09-28T18:17:45,2022-09-28T18:17:45
CURRY ON RESTAURANT,,,,,False,,,Mary Wangeci,CURRY ON RESTAURANT,2024-04-03T15:55:45,2024-04-03T15:55:45
Cute Kitchen,,Cute  Kitchen,,,False,,,Samuel Muchemi,Cute Kitchen,2022-09-28T18:17:45,2022-09-28T18:17:45
Dabumper Enterprises,,Dabumper  Enterprises,,0722812313,False,,,Samuel Muchemi,Dabumper Enterprises,2022-09-28T18:17:45,2022-09-28T18:17:45
DACHMAN ENTERPRISES,,,,,False,,,Mary Wangeci,DACHMAN ENTERPRISES,2023-06-29T08:42:42,2023-06-29T08:42:42
Dadan Investment Ltd,,Dadan Investment Ltd,,,False,,,Mary Wangeci,Dadan Investment Ltd,2022-11-03T11:33:58,2022-11-03T11:33:58
DAJOHN ENTERPRISES,,,0722793916ACCRA RD NRB,,False,,,Mary Wangeci,DAJOHN ENTERPRISES,2024-05-31T12:00:33,2024-05-31T12:00:33
Dakim Cyber,,Dakim  Cyber,,,False,,,Samuel Muchemi,Dakim Cyber,2022-09-28T18:17:45,2022-09-28T18:17:45
DAKIM NJIRU,,,,,False,,,Mary Wangeci,DAKIM NJIRU,2024-03-08T10:13:51,2024-03-08T10:13:51
DALAD  HOTEL LIMITED,,,,,False,,,Mary Wangeci,DALAD  HOTEL LIMITED,2024-02-06T12:04:21,2024-02-06T12:04:21
Dama Shuttle,,Dama  Shuttle,,,False,,,Samuel Muchemi,Dama Shuttle,2022-09-28T18:17:45,2022-09-28T18:17:45
DANKIM CYBER,,DANKIM CYBER,,,False,,,Mary Wangeci,DANKIM CYBER,2023-03-31T09:34:16,2023-03-31T09:34:16
DANPO ENERGY FILLING STATION P051901591J,,,,,False,,,Mary Wangeci,DANPO ENERGY FILLING STATION P051901591J,2024-03-08T09:35:03,2024-03-08T09:35:03
DAVID-PANDA,,,,,False,,,Mary Wangeci,DAVID-PANDA,2024-05-31T08:59:49,2024-05-31T08:59:49
David Sumba,,David  Sumba,,,False,,,Samuel Muchemi,David Sumba,2022-09-28T18:17:45,2022-09-28T18:17:45
Davis Auto & Accessories,,Davis Auto & Accessories,,,False,,,Mary Wangeci,Davis Auto & Accessories,2022-11-03T11:18:08,2022-11-03T11:18:08
DAVISCO HARDWARE,,DAVISCO  HARDWARE,,,False,,,Samuel Muchemi,DAVISCO HARDWARE,2022-09-28T18:17:45,2022-09-28T18:17:45
DECOR FINITY,,DECOR FINITY,,,False,,,Mary Wangeci,DECOR FINITY,2022-12-02T10:06:20,2022-12-02T10:06:20
DELMAX ELECTRICAL SUPPLIERS,,DELMAX ELECTRICAL SUPPLIERS,,,False,,,Samuel Muchemi,DELMAX ELECTRICAL SUPPLIERS,2022-09-28T18:17:45,2022-09-28T18:17:45
Delmonte,,,,,False,,,Mary Wangeci,Delmonte,2024-03-28T12:16:10,2024-03-28T12:16:10
Demukamas Enterprises,,Demukamas  Enterprises,,,False,,,Samuel Muchemi,Demukamas Enterprises,2022-09-28T18:17:45,2022-09-28T18:17:45
DENNIS KISAWAYI,,,,,False,,,Mary Wangeci,DENNIS KISAWAYI,2024-02-08T09:31:21,2024-02-08T09:31:21
DEUTSCHE POINT,,,,,False,,,Mary Wangeci,DEUTSCHE POINT,2024-03-08T10:57:49,2024-03-08T10:57:49
DHL P000613307I,,,,,False,,,Mary Wangeci,DHL P000613307I,2023-09-05T10:08:56,2023-09-05T10:08:56
Diamond Parcels,,Diamond  Parcels,,,False,,,Samuel Muchemi,Diamond Parcels,2022-09-28T18:17:45,2022-09-28T18:17:45
DIGISONIC CONTROLS,,DIGISONIC  CONTROLS,,,False,,,Samuel Muchemi,DIGISONIC CONTROLS,2022-09-28T18:17:45,2022-09-28T18:17:45
DIMKA POWER SYSTEM LTD P051384463H,,,,,False,,,Mary Wangeci,DIMKA POWER SYSTEM LTD P051384463H,2023-09-05T07:41:47,2023-09-05T07:41:47
Donholm Service Station P051579092Z,,Donholm Service Station P051579092Z,,,False,,,Mary Wangeci,Donholm Service Station P051579092Z,2022-11-03T13:09:09,2022-11-03T13:09:09
DOUBLE M GENERAL HARDWARE,,DOUBLE M GENERAL HARDWARE,,,False,,,Mary Wangeci,DOUBLE M GENERAL HARDWARE,2023-03-29T15:39:22,2023-03-29T15:39:22
Dr.George-FAO,,Dr.George-FAO,,,False,,,Mary Wangeci,Dr.George-FAO,2026-03-03T13:10:09,2026-03-03T13:10:09
Dr Muchemi,,Dr Muchemi,,,False,,658925.0,Sheila Maina,Dr Muchemi,2022-11-08T12:01:28,2023-05-03T10:01:31
Dr.Shephered -Icipe,,Dr.Shephered  -Icipe,,,False,,,Mary Wangeci,Dr.Shephered -Icipe,2026-03-03T13:09:02,2026-03-03T13:09:02
D TECK ELECTRONICS,,D TECK  ELECTRONICS,,,False,,,Mary Wangeci,D TECK ELECTRONICS,2025-09-05T12:22:33,2025-09-05T12:22:33
Dubai Dogo Motorcycle Spares,,Dubai Dogo Motorcycle Spares,,,False,,,Samuel Muchemi,Dubai Dogo Motorcycle Spares,2022-09-28T18:17:46,2022-09-28T18:17:46
DUDUTECH IPM LTD,info@dudutech.com,,,+254 704491120,False,,,Sheila Maina,DUDUTECH IPM LTD,2023-12-01T15:23:24,2023-12-18T11:04:43
DUESTCHE POINT,,,,,False,,,Mary Wangeci,DUESTCHE POINT,2024-01-12T08:22:34,2024-01-12T08:22:34
DUETSCHE POINT,,DUETSCHE POINT,,,False,,,Mary Wangeci,DUETSCHE POINT,2023-06-12T15:32:18,2023-06-12T15:32:18
DUNFEATHER ENTERPRISES LTD,,DUNFEATHER ENTERPRISES LTD,,,False,,,Samuel Muchemi,DUNFEATHER ENTERPRISES LTD,2022-09-28T18:17:46,2022-09-28T18:17:46
DUNSTAN ADONGO,,DUNSTAN  ADONGO,,,False,,,Samuel Muchemi,DUNSTAN ADONGO,2022-09-28T18:17:46,2022-09-28T18:17:46
DUTSCHE POINT AUTO SPARES,,,,,False,,,Mary Wangeci,DUTSCHE POINT AUTO SPARES,2023-06-29T08:44:21,2023-06-29T08:44:21
DYER & BLAIR INVESTMENT BANK,,,,,False,,,Mary Wangeci,DYER & BLAIR INVESTMENT BANK,2023-10-31T10:29:19,2023-10-31T10:29:19
EAK SCIENTIFIC EXHIBITION,,,,,False,,,Mary Wangeci,EAK SCIENTIFIC EXHIBITION,2024-06-07T10:23:50,2024-06-07T10:23:50
East African business company P051354695O,,,,,False,,,Mary Wangeci,East African business company P051354695O,2023-07-14T10:27:25,2025-04-09T12:27:41
Eastern Bypass Service Station A003170430U,,,,,False,,,Mary Wangeci,Eastern Bypass Service Station A003170430U,2024-01-12T09:33:31,2024-01-12T09:33:31
Easy Coach,,Easy  Coach,,,False,,,Samuel Muchemi,Easy Coach,2022-09-28T18:17:46,2022-09-28T18:17:46
EASY REACH AUTOMOBILES LIMITED P051161349Z,,EASY REACH AUTOMOBILES LIMITED,,,False,,,Mary Wangeci,EASY REACH AUTOMOBILES LIMITED P051161349Z,2025-08-07T09:50:46,2025-08-07T09:50:46
E-CITIZEN,,,,,False,,,Mary Wangeci,E-CITIZEN,2023-11-23T09:08:54,2023-11-23T09:08:54
ECONOMICAL HARDWARE SALES AND SUPPLY,,ECONOMICAL HARDWARE SALES AND SUPPLY,,,False,,,Samuel Muchemi,ECONOMICAL HARDWARE SALES AND SUPPLY,2022-09-28T18:17:46,2022-09-28T18:17:46
ECONOMY AUTO SPARES,,ECONOMY AUTO SPARES,,,False,,,Samuel Muchemi,ECONOMY AUTO SPARES,2022-09-28T18:17:46,2022-09-28T18:17:46
EDWARD MWANGI NGARI,,,,,False,,,Mary Wangeci,EDWARD MWANGI NGARI,2023-11-02T08:53:26,2023-11-02T08:53:26
EFFECTIVE IPM ASSOCIATION,info@e-ipma.org,,,0706966980,False,,-7310.0,Sheila Maina,EFFECTIVE IPM ASSOCIATION,2024-04-15T15:10:20,2024-10-14T12:14:04
ELAN HOME FIBER,,,,,False,,,Mary Wangeci,ELAN HOME FIBER,2023-08-04T10:08:44,2023-08-04T10:08:44
ELECTRO AUTO PARTS,,ELECTRO AUTO PARTS,,,False,,,Mary Wangeci,ELECTRO AUTO PARTS,2025-06-05T11:18:17,2025-06-05T11:18:17
ELECTRO AUTO SPARES,,ELECTRO AUTO SPARES,,,False,,,Samuel Muchemi,ELECTRO AUTO SPARES,2022-09-28T18:17:46,2022-09-28T18:17:46
Electro  System Ltd P051100894V,,Electro System Ltd P051100894V,,,False,,,Samuel Muchemi,Electro  System Ltd P051100894V,2022-09-28T18:17:46,2022-09-28T18:17:46
ELGON VIEW TOTAL ENERGIES A002675157E,,ELGON VIEW TOTAL ENERGIES A002675157E,,,False,,,Mary Wangeci,ELGON VIEW TOTAL ENERGIES A002675157E,2023-03-29T15:23:38,2023-03-29T15:23:38
E-LINK,,E-LINK,,,False,,,Mary Wangeci,E-LINK,2022-11-07T14:48:41,2022-11-07T14:48:41
ELISON HARDWARE,,,,,False,,,Mary Wangeci,ELISON HARDWARE,2023-08-02T08:55:06,2023-08-02T08:55:06
Embu Service Station P000625466D,,Embu Service Station P000625466D,,,False,,,Samuel Muchemi,Embu Service Station P000625466D,2022-09-28T18:17:46,2022-09-28T18:17:46
Emirates Coach,,Emirates  Coach,,,False,,,Samuel Muchemi,Emirates Coach,2022-09-28T18:17:46,2022-09-28T18:17:46
EMMANUEL FADHILI,,EMMANUEL  FADHILI,,,False,,,Mary Wangeci,EMMANUEL FADHILI,2025-12-11T10:38:37,2025-12-11T10:38:37
EMS ENERGY LIMITED P051566597C,,,,,False,,,Mary Wangeci,EMS ENERGY LIMITED P051566597C,2023-11-16T12:50:35,2023-11-16T12:50:35
English point,,,,,False,,,Mary Wangeci,English point,2023-08-02T08:05:09,2023-08-02T08:05:09
ENJOY AGRICULTURE TECHNOLOGY CO.LTD,,,,,False,,,Mary Wangeci,ENJOY AGRICULTURE TECHNOLOGY CO.LTD,2023-07-03T09:59:36,2023-07-03T09:59:36
Enkasiti S,,,,,False,,,Mary Wangeci,Enkasiti S,2025-02-05T09:02:57,2025-02-05T09:02:57
EQUILRXNLAB TECHNOLOGY LTD,,EQUILRXNLAB TECHNOLOGY LTD,,,False,,,Mary Wangeci,EQUILRXNLAB TECHNOLOGY LTD,2026-04-07T12:02:28,2026-04-07T12:02:28
Erick Black Petal,,,,,False,,,Mary Wangeci,Erick Black Petal,2025-02-05T09:59:04,2025-02-05T09:59:04
ERICK MUTAI,,ERICK  MUTAI,,,False,,,Samuel Muchemi,ERICK MUTAI,2022-09-28T18:17:46,2022-09-28T18:17:46
ESSIBILITY AFRICA LIMITED,,,,,False,,,Mary Wangeci,ESSIBILITY AFRICA LIMITED,2026-08-04T12:24:44,2026-08-04T12:24:44
ESWA GENERAL SUPPLIES,,,,,False,,,Mary Wangeci,ESWA GENERAL SUPPLIES,2023-09-07T10:24:07,2023-09-07T10:24:07
EUNICE -DUMMEN,,EUNICE  -DUMMEN,,,False,,,Mary Wangeci,EUNICE -DUMMEN,2025-06-30T10:16:46,2025-06-30T10:16:46
Everflora Sales,,Everflora  Sales,,,False,,,Mary Wangeci,Everflora Sales,2025-09-04T14:53:17,2025-09-04T14:53:17
EVERGREEN EVER LTD P051232459A,,,,,False,,,Mary Wangeci,EVERGREEN EVER LTD P051232459A,2024-07-30T11:38:05,2024-07-30T11:38:05
EVERSTONE TYRES LTD,,EVERSTONE TYRES LTD,,,False,,,Mary Wangeci,EVERSTONE TYRES LTD,2023-05-16T11:12:39,2023-05-16T11:12:39
Experts Cars Accessories,,,,,False,,,Mary Wangeci,Experts Cars Accessories,2024-01-11T12:25:06,2024-01-11T12:25:06
EXPRESS IDEMNITY INSURANCE,,EXPRESS IDEMNITY INSURANCE,,,False,,,Mary Wangeci,EXPRESS IDEMNITY INSURANCE,2023-02-20T11:42:22,2023-02-20T11:42:22
EXQUEEN TRADERS,,,,,False,,,Mary Wangeci,EXQUEEN TRADERS,2023-10-31T07:48:56,2023-10-31T07:48:56
Fadhil Auto Spares,,Fadhil Auto Spares,,,False,,,Samuel Muchemi,Fadhil Auto Spares,2022-09-28T18:17:47,2022-09-28T18:17:47
FAIR DEAL STEEL LIMITED,,FAIR DEAL STEEL LIMITED,,,False,,,Mary Wangeci,FAIR DEAL STEEL LIMITED,2025-03-10T10:07:54,2025-03-10T10:07:54
Faith-Arise N Shine,,,,,False,,,Mary Wangeci,Faith-Arise N Shine,2024-12-10T14:40:24,2024-12-10T14:40:24
FALCON AUTOEXPRESS SERVICES LTD,,FALCON AUTOEXPRESS SERVICES LTD,,,False,,,Samuel Muchemi,FALCON AUTOEXPRESS SERVICES LTD,2022-09-28T18:17:47,2022-09-28T18:17:47
Fargo Courier,,Fargo  Courier,,,False,,,Samuel Muchemi,Fargo Courier,2022-09-28T18:17:47,2022-09-28T18:17:47
Farmtrack Consulting Ltd,farmtrack.consulting@gmail.com,Farmtrack Consulting Ltd FTC,"FTC Godown, Njiru, Mwiki-Kasarani Road
P.O Box 16372 Nairobi  00100 Kenya",+254 20 2628630,False,,-1361038.96,Sheila Maina,Farmtrack Consulting Ltd,2022-11-17T16:05:00,2026-08-28T12:55:08
FastGate Cargo,,FastGate  Cargo,,,False,,,Samuel Muchemi,FastGate Cargo,2022-09-28T18:17:47,2022-09-28T18:17:47
FASTMART SUPERMARKET P051673084N,,FASTMART SUPERMARKET P051673084N,,,False,,,Mary Wangeci,FASTMART SUPERMARKET P051673084N,2023-05-24T15:27:38,2023-05-24T15:27:38
FAWAKIH EXPORTERS,,,,,False,,,Mary Wangeci,FAWAKIH EXPORTERS,2024-03-28T12:12:56,2024-03-28T12:12:56
Fedex Express,,Fedex Express,,,False,,,Mary Wangeci,Fedex Express,2022-12-02T10:08:02,2022-12-02T10:08:02
FELISTAR SIMLAW SEEDS,,,,,False,,,Mary Wangeci,FELISTAR SIMLAW SEEDS,2026-08-04T11:44:27,2026-08-04T11:44:27
FIDEL-ICIPE,,FIDEL-ICIPE,,,False,,,Mary Wangeci,FIDEL-ICIPE,2023-04-27T14:43:13,2023-04-27T14:43:13
FIDEL OMONDI,,FIDEL  OMONDI,,,False,,,Mary Wangeci,FIDEL OMONDI,2025-04-01T11:47:07,2025-04-01T11:47:07
FIFA HOLDINGS LTD P051449496A,,FIFA HOLDINGS LTD P051449496A,,,False,,,Mary Wangeci,FIFA HOLDINGS LTD P051449496A,2022-12-02T12:40:56,2022-12-02T12:40:56
FINE MARK ENGINEERING SERVICES,,FINE MARK ENGINEERING SERVICES,,,False,,,Mary Wangeci,FINE MARK ENGINEERING SERVICES,2025-03-10T10:05:11,2025-03-10T10:05:11
Fine Touch Media P051384437V,,Fine Touch Media P051384437V,,,False,,,Samuel Muchemi,Fine Touch Media P051384437V,2022-09-28T18:17:47,2022-09-28T18:17:47
FIRST WORTH PRODUCTS P051346573M,,,,,False,,,Mary Wangeci,FIRST WORTH PRODUCTS P051346573M,2023-10-31T08:19:48,2023-10-31T08:19:48
FOGO GAUCHO P051212272T,,FOGO GAUCHO P051212272T,,,False,,,Mary Wangeci,FOGO GAUCHO P051212272T,2023-04-28T11:59:55,2023-04-28T11:59:55
FOOTHILL WAKS FIRM A004678299X,,,,,False,,,Mary Wangeci,FOOTHILL WAKS FIRM A004678299X,2023-09-07T16:29:38,2023-09-07T16:29:38
Fortress Energy Ltd,,Fortress Energy Ltd,,,False,,,Samuel Muchemi,Fortress Energy Ltd,2022-09-28T18:17:47,2022-09-28T18:17:47
FOSSIL GROUP LTD,,,,,False,,,Mary Wangeci,FOSSIL GROUP LTD,2023-10-31T10:04:52,2023-10-31T10:04:52
Fouzi tyres,,Fouzi  tyres,,,False,,,Samuel Muchemi,Fouzi tyres,2022-09-28T18:17:47,2022-09-28T18:17:47
FREDRICK KOOME,,FREDRICK  KOOME,,,False,,,Samuel Muchemi,FREDRICK KOOME,2022-09-28T18:17:47,2022-09-28T18:17:47
FREIGHT IN TIME,,,,,False,,,Mary Wangeci,FREIGHT IN TIME,2024-04-03T10:43:58,2024-04-03T10:43:58
FREKAGE HARDWARE,,FREKAGE  HARDWARE,,,False,,,Samuel Muchemi,FREKAGE HARDWARE,2022-09-28T18:17:47,2022-09-28T18:17:47
FTC NJIRU PLOT,,FTC NJIRU PLOT,,,False,,,Samuel Muchemi,FTC NJIRU PLOT,2022-09-28T18:17:47,2022-09-28T18:17:47
FTC SACCO,,FTC  SACCO,,,False,,-88500.0,Samuel Muchemi,FTC SACCO,2022-09-28T18:17:47,2023-04-04T10:56:34
Fuel line  & Gen supplies P051834600Z,,Fuel line & Gen supplies P051834600Z,,,False,,,Samuel Muchemi,Fuel line  & Gen supplies P051834600Z,2022-09-28T18:17:47,2022-09-28T18:17:47
Fuel Trust Limited P051706625J,,Fuel Trust Limited P051706625J,,,False,,,Samuel Muchemi,Fuel Trust Limited P051706625J,2022-09-28T18:17:48,2022-09-28T18:17:48
Fun Filled Distributors,,Fun Filled Distributors,,,False,,,Samuel Muchemi,Fun Filled Distributors,2022-09-28T18:17:48,2022-09-28T18:17:48
FURQAN PETROLEUM LIMITED P051695568A,,,,,False,,,Mary Wangeci,FURQAN PETROLEUM LIMITED P051695568A,2024-02-06T15:27:44,2024-02-06T15:27:44
G4S,,,,,False,,,Mary Wangeci,G4S,2024-12-10T15:13:16,2024-12-10T15:13:16
G4S Courier Services,,G4S Courier Services,,,False,,,Mary Wangeci,G4S Courier Services,2022-09-28T18:17:48,2026-01-28T08:49:53
GALAXY TERRAZZO TILE HARDWARE,,GALAXY TERRAZZO TILE HARDWARE,,,False,,,Mary Wangeci,GALAXY TERRAZZO TILE HARDWARE,2025-03-10T10:23:28,2025-03-10T10:23:28
Galitos,,Galitos,,,False,,,Samuel Muchemi,Galitos,2022-09-28T18:17:48,2022-09-28T18:17:48
Gambella Agencies P051616224D,,,,,False,,,Mary Wangeci,Gambella Agencies P051616224D,2024-02-08T09:18:11,2024-02-08T09:18:11
Garissa Coach,,Garissa  Coach,,,False,,,Samuel Muchemi,Garissa Coach,2022-09-28T18:17:48,2022-09-28T18:17:48
GASCOM PETROLEUM LIMITED P051428790T,,GASCOM PETROLEUM LIMITED P051428790T,,,False,,,Mary Wangeci,GASCOM PETROLEUM LIMITED P051428790T,2023-05-30T09:52:37,2023-05-30T09:52:37
Gascom Petroleum Ltd P051428790T,,Gascom Petroleum Ltd P051428790T,,,False,,,Samuel Muchemi,Gascom Petroleum Ltd P051428790T,2022-09-28T18:17:48,2022-09-28T18:17:48
GAS NET LIMITED P051588124L,,GAS NET LIMITED P051588124L,,,False,,,Mary Wangeci,GAS NET LIMITED P051588124L,2025-07-01T09:39:18,2025-07-01T09:39:18
Gas Welding,,Gas  Welding,,,False,,,Samuel Muchemi,Gas Welding,2022-09-28T18:17:48,2022-09-28T18:17:48
GASZED INTERNATIONAL P051635779Z,,,,,False,,,Mary Wangeci,GASZED INTERNATIONAL P051635779Z,2023-08-02T09:26:37,2023-08-02T09:26:37
GATEWAY INVESTMENT,,,,,False,,,Mary Wangeci,GATEWAY INVESTMENT,2024-07-05T11:47:04,2024-07-05T11:47:04
Gemspring Water Refilling Station,,Gemspring Water Refilling Station,,,False,,,Mary Wangeci,Gemspring Water Refilling Station,2022-11-03T13:14:15,2022-11-03T13:14:15
General Plastics Limited,,General Plastics Limited,,0723347753,False,,-168200.0,Samuel Muchemi,General Plastics Limited,2022-09-28T18:17:48,2025-07-23T10:06:11
GENUINE AUTOSPARES,,GENUINE  AUTOSPARES,,,False,,,Samuel Muchemi,GENUINE AUTOSPARES,2022-09-28T18:17:48,2022-09-28T18:17:48
GEORGE KAMANDE,,,,,False,,,Mary Wangeci,GEORGE KAMANDE,2024-09-02T12:17:40,2024-09-02T12:17:40
German Spares,,German  Spares,,,False,,,Samuel Muchemi,German Spares,2022-09-28T18:17:48,2022-09-28T18:17:48
GICHEHA JOSEPH,,GICHEHA  JOSEPH,,,False,,,Mary Wangeci,GICHEHA JOSEPH,2025-10-02T13:23:22,2025-10-02T13:23:22
Gigiri Total Service Station A005337541T,,Gigiri Total Service Station A005337541T,,,False,,,Samuel Muchemi,Gigiri Total Service Station A005337541T,2022-09-28T18:17:49,2022-09-28T18:17:49
Gikomba Market,,Gikomba  Market,,0710904803,False,,,Samuel Muchemi,Gikomba Market,2022-09-28T18:17:49,2023-01-13T10:42:35
GK HRDWARE-KERUGOYA,,GK  HRDWARE-KERUGOYA,,,False,,,Mary Wangeci,GK HRDWARE-KERUGOYA,2025-03-10T10:39:47,2025-03-10T10:39:47
GLOBAL HOLDINDS LTD P051966954D,,GLOBAL HOLDINDS LTD P051966954D,,,False,,,Mary Wangeci,GLOBAL HOLDINDS LTD P051966954D,2023-05-11T12:38:53,2023-05-11T12:38:53
Goaline Limited,,Goaline Limited,,,False,,,Mary Wangeci,Goaline Limited,2022-11-03T12:01:04,2022-11-03T12:01:04
Goaline Limited P052153295C,,Goaline Limited P052153295C,,,False,,,Mary Wangeci,Goaline Limited P052153295C,2023-02-17T11:41:03,2023-02-17T11:41:03
GOLDEN AUTO SPARES,,GOLDEN AUTO SPARES,,,False,,,Mary Wangeci,GOLDEN AUTO SPARES,2023-05-30T09:56:05,2023-05-30T09:56:05
GOLDEN OUTLETS ENTERPRISES,,GOLDEN OUTLETS ENTERPRISES,,,False,,,Mary Wangeci,GOLDEN OUTLETS ENTERPRISES,2023-05-03T09:41:56,2023-05-03T09:41:56
GRACE NDERITU,,GRACE NDERITU,,,False,,,Mary Wangeci,GRACE NDERITU,2023-04-04T11:29:41,2023-04-04T11:29:41
GREEN AUTO SPARES,,,,,False,,,Mary Wangeci,GREEN AUTO SPARES,2023-06-29T08:38:47,2023-06-29T08:38:47
GREEN REVOLUTION,,GREEN REVOLUTION,Nandyal  27 Maharashtra,9664286750,False,,,Sheila Maina,GREEN REVOLUTION,2023-05-03T09:50:41,2026-03-02T10:13:37
GREEN ROOF LODGE,,GREEN ROOF LODGE,,,False,,,Mary Wangeci,GREEN ROOF LODGE,2025-04-03T11:28:08,2025-04-03T11:28:08
GREGORY NDEGE ADVOCATES,,,,,False,,,Mary Wangeci,GREGORY NDEGE ADVOCATES,2024-03-08T09:43:30,2024-03-08T09:43:30
GROWIT KENYA LTD,,,,0759212024,False,,-58368.0,Sheila Maina,GROWIT KENYA LTD,2024-04-15T14:59:35,2025-07-23T10:06:04
GULF ENERGY,,GULF  ENERGY,,,False,,,Samuel Muchemi,GULF ENERGY,2022-09-28T18:17:49,2022-09-28T18:17:49
GURU DEBT MANAGEMENT,,GURU DEBT MANAGEMENT,,,False,,,Mary Wangeci,GURU DEBT MANAGEMENT,2023-03-29T09:11:55,2023-03-29T09:11:55
HADA AUTOMOBILES,,HADA  AUTOMOBILES,,,False,,,Samuel Muchemi,HADA AUTOMOBILES,2022-09-28T18:17:49,2022-09-28T18:17:49
HAILLE SELLASIE SERVICE STATION,,,,,False,,,Mary Wangeci,HAILLE SELLASIE SERVICE STATION,2024-07-01T11:36:19,2024-07-01T11:36:19
HAJORYPLY TIMBER & HARDWARE LTD,,HAJORYPLY TIMBER & HARDWARE LTD,,,False,,,Mary Wangeci,HAJORYPLY TIMBER & HARDWARE LTD,2023-05-24T11:34:38,2023-05-24T11:34:38
HALIFAX REAL ESTATE AGENCY,,HALIFAX REAL ESTATE AGENCY,,,False,,,Samuel Muchemi,HALIFAX REAL ESTATE AGENCY,2022-09-28T18:17:49,2022-09-28T18:17:49
Hanny General Hardware,,Hanny General Hardware,,,False,,,Samuel Muchemi,Hanny General Hardware,2022-09-28T18:17:49,2022-09-28T18:17:49
HAPPY FEEDS,,HAPPY  FEEDS,,,False,,,Samuel Muchemi,HAPPY FEEDS,2022-09-28T18:17:49,2022-09-28T18:17:49
HASS GIRE LIMITED P052444322U,,HASS GIRE LIMITED P052444322U,,,False,,,Mary Wangeci,HASS GIRE LIMITED P052444322U,2025-08-06T15:17:46,2025-08-06T15:17:46
Hastin Patel Ltd P051681671I,,Hastin Patel Ltd P051681671I,,,False,,,Samuel Muchemi,Hastin Patel Ltd P051681671I,2022-09-28T18:17:50,2022-09-28T18:17:50
HENRY .O.OMUSE,,HENRY  .O.OMUSE,,,False,,,Mary Wangeci,HENRY .O.OMUSE,2025-06-05T10:23:34,2025-06-05T10:23:34
HEYKAL INVESTMENT LIMITED P051600986L,,,,,False,,,Mary Wangeci,HEYKAL INVESTMENT LIMITED P051600986L,2024-02-08T08:46:39,2024-02-08T08:46:39
Heykal Investment P051600986L,,Heykal Investment P051600986L,,,False,,,Samuel Muchemi,Heykal Investment P051600986L,2022-09-28T18:17:50,2022-09-28T18:17:50
Heze Auto,,Heze Auto,,,False,,,Mary Wangeci,Heze Auto,2022-11-03T11:41:28,2022-11-03T11:41:28
HIGHWAY HOLDINGS LTD,,HIGHWAY HOLDINGS LTD,,,False,,,Samuel Muchemi,HIGHWAY HOLDINGS LTD,2022-09-28T18:17:50,2022-09-28T18:17:50
HIGHWAY HOLDINGS LTD P051534551F,,,,,False,,,Mary Wangeci,HIGHWAY HOLDINGS LTD P051534551F,2024-10-02T13:58:56,2024-10-02T13:58:56
Hiraan Oil,,Hiraan  Oil,,,False,,,Samuel Muchemi,Hiraan Oil,2022-09-28T18:17:50,2022-09-28T18:17:50
HOMEBEST HEALTH FOOD LTD P052024553V,,HOMEBEST HEALTH FOOD LTD P052024553V,,,False,,,Mary Wangeci,HOMEBEST HEALTH FOOD LTD P052024553V,2023-03-03T09:47:56,2025-11-13T09:19:37
Hope general supplies,,Hope general supplies,,,False,,,Samuel Muchemi,Hope general supplies,2022-09-28T18:17:50,2022-09-28T18:17:50
HORIZON INN,,HORIZON  INN,,,False,,,Mary Wangeci,HORIZON INN,2025-04-03T11:26:18,2025-04-03T11:26:18
HORNBILL BAR & RESTAURANT,,HORNBILL BAR & RESTAURANT,,,False,,,Mary Wangeci,HORNBILL BAR & RESTAURANT,2023-05-10T12:13:49,2023-05-10T12:13:49
HortiCrop Research Ltd,,,,,False,,,Mary Wangeci,HortiCrop Research Ltd,2023-02-03T09:22:14,2023-04-04T09:51:09
HOST AFRICA P051180311A,,,,,False,,,Mary Wangeci,HOST AFRICA P051180311A,2024-05-31T09:59:05,2024-05-31T09:59:05
HURLINGHAM TOTAL SERVICE STATION P051585526L,,,,,False,,,Mary Wangeci,HURLINGHAM TOTAL SERVICE STATION P051585526L,2024-07-01T10:50:55,2024-07-01T10:50:55
HYPERTECH FIBER,,HYPERTECH  FIBER,,,False,,,Mary Wangeci,HYPERTECH FIBER,2026-04-08T09:19:12,2026-04-08T09:19:12
HYRAX SHELL STATION NAKURU P051243628W,,HYRAX SHELL STATION NAKURU P051243628W,,,False,,,Mary Wangeci,HYRAX SHELL STATION NAKURU P051243628W,2023-06-08T15:02:29,2023-06-08T15:02:29
ICARE INTERNATIONAL LTD,,ICARE INTERNATIONAL LTD,,,False,,,Samuel Muchemi,ICARE INTERNATIONAL LTD,2022-09-28T18:17:50,2022-09-28T18:17:50
IDF,,IDF,,,False,,,Mary Wangeci,IDF,2023-02-17T11:49:32,2023-02-17T11:49:32
IKEA UNIFORM,,IKEA UNIFORM,,,False,,,Mary Wangeci,IKEA UNIFORM,2023-05-03T09:44:11,2023-05-03T09:44:11
ILADE OIL COMPANY LTD P05118374C,,,,,False,,,Mary Wangeci,ILADE OIL COMPANY LTD P05118374C,2023-10-31T08:52:20,2023-10-31T08:52:20
IMMAX ELECTRICAL SALES,,IMMAX ELECTRICAL SALES,,,False,,,Samuel Muchemi,IMMAX ELECTRICAL SALES,2022-09-28T18:17:50,2022-09-28T18:17:50
IMPALA DOWNTOWN LTD P051138226W,,,,,False,,,Mary Wangeci,IMPALA DOWNTOWN LTD P051138226W,2023-09-28T09:18:49,2023-09-28T09:18:49
IMPEX PETROLEUM P051698295G,,IMPEX PETROLEUM P051698295G,,,False,,,Mary Wangeci,IMPEX PETROLEUM P051698295G,2023-03-29T15:26:13,2023-03-29T15:26:13
INDEMNITY INSURANCE,,INDEMNITY  INSURANCE,,,False,,,Samuel Muchemi,INDEMNITY INSURANCE,2022-09-28T18:17:50,2022-09-28T18:17:50
Infinite Service Station Ltd,,Infinite Service Station Ltd,,,False,,,Samuel Muchemi,Infinite Service Station Ltd,2022-09-28T18:17:50,2022-09-28T18:17:50
Infinite Service Station Ltd P051878678L,,,,,False,,,Mary Wangeci,Infinite Service Station Ltd P051878678L,2023-08-14T12:11:44,2023-08-14T12:11:44
INHOUSE CREATIVE BRANDING,,,,,False,,,Mary Wangeci,INHOUSE CREATIVE BRANDING,2024-03-07T11:38:47,2024-03-07T11:38:47
INMAX ELECTRICAL SALES,,INMAX ELECTRICAL SALES,,,False,,,Samuel Muchemi,INMAX ELECTRICAL SALES,2022-09-28T18:17:50,2022-09-28T18:17:50
INTERSTART LIMITED  P051304357A,,,,,False,,,Mary Wangeci,INTERSTART LIMITED  P051304357A,2025-06-19T09:55:00,2025-06-19T09:55:00
INTUIT QUICKBOOKS,,,,,False,,,Mary Wangeci,INTUIT QUICKBOOKS,2023-11-02T11:42:27,2023-11-02T11:42:27
IPM EFFECTIVE TECHNOLOGY,,IPM EFFECTIVE TECHNOLOGY,,,False,,,Mary Wangeci,IPM EFFECTIVE TECHNOLOGY,2023-04-27T15:53:20,2023-04-27T15:53:20
IQRA SAFARICOM SHOP,,IQRA SAFARICOM SHOP,,,False,,,Mary Wangeci,IQRA SAFARICOM SHOP,2023-02-28T12:38:06,2023-02-28T12:38:06
Isca Technologies Inc,,Isca Technologies Inc,,9516865008,False,,,Samuel Muchemi,Isca Technologies Inc,2022-09-28T18:17:51,2022-09-28T18:17:51
ITHANGA LEATHER,,ITHANGA  LEATHER,,,False,,,Samuel Muchemi,ITHANGA LEATHER,2022-09-28T18:17:51,2022-09-28T18:17:51
JAMES AGROPEST,,,,,False,,,Mary Wangeci,JAMES AGROPEST,2026-08-04T11:43:44,2026-08-04T11:43:44
JAMU MATERIAL SUPPLIER,,JAMU MATERIAL SUPPLIER,,,False,,,Mary Wangeci,JAMU MATERIAL SUPPLIER,2023-04-28T12:03:02,2023-04-28T12:03:02
JANE TAMA,,,,,False,,,Mary Wangeci,JANE TAMA,2023-09-29T12:58:22,2023-09-29T12:58:22
JANE WANJIRU,,JANE  WANJIRU,,,False,,,Samuel Muchemi,JANE WANJIRU,2022-09-28T18:17:51,2022-09-28T18:17:51
Janian Enterprises Ltd P051517761P,,Janian Enterprises Ltd P051517761P,,,False,,,Mary Wangeci,Janian Enterprises Ltd P051517761P,2022-11-03T13:10:55,2022-11-03T13:10:55
Jantan Enterprises Ltd P051517761P,,Jantan Enterprises Ltd P051517761P,,,False,,,Mary Wangeci,Jantan Enterprises Ltd P051517761P,2022-11-03T11:21:08,2022-11-03T11:21:08
JARED OBAKI  ELECTRICIAN,,JARED OBAKI ELECTRICIAN,,,False,,,Samuel Muchemi,JARED OBAKI  ELECTRICIAN,2022-09-28T18:17:51,2022-09-28T18:17:51
JASHO AUTO GARAGE,,,,,False,,,Mary Wangeci,JASHO AUTO GARAGE,2023-09-15T10:50:45,2023-09-15T10:50:45
JECY ENTERPRISES,,JECY ENTERPRISES,,,False,,,Mary Wangeci,JECY ENTERPRISES,2023-05-03T09:43:28,2023-05-03T09:43:28
Jefitha Auto Spares,,Jefitha Auto Spares,,,False,,,Samuel Muchemi,Jefitha Auto Spares,2022-09-28T18:17:51,2022-09-28T18:17:51
JIKONIZ GRILL,,,,,False,,,Mary Wangeci,JIKONIZ GRILL,2023-07-14T16:22:12,2023-07-14T16:22:12
JIMLIZER HOTEL,,JIMLIZER  HOTEL,,,False,,,Samuel Muchemi,JIMLIZER HOTEL,2022-09-28T18:17:52,2022-09-28T18:17:52
JJOGENS AUTOSHINE,,JJOGENS  AUTOSHINE,,,False,,,Samuel Muchemi,JJOGENS AUTOSHINE,2022-09-28T18:17:52,2022-09-28T18:17:52
J.K WORKS,,J.K  WORKS,,,False,,,Mary Wangeci,J.K WORKS,2025-07-01T09:55:39,2025-07-01T09:55:39
Joe Electricals,,Joe  Electricals,,,False,,,Samuel Muchemi,Joe Electricals,2022-09-28T18:17:52,2022-09-28T18:17:52
JOHVITA INVESTMENT A005761253S,,JOHVITA INVESTMENT A005761253S,,,False,,,Samuel Muchemi,JOHVITA INVESTMENT A005761253S,2022-09-28T18:17:52,2022-09-28T18:17:52
JOLLY BOG GROUP LTD,,JOLLY BOG GROUP LTD,,,False,,,Mary Wangeci,JOLLY BOG GROUP LTD,2025-08-07T09:46:42,2025-08-07T09:46:42
Joogens Auto Shine,,Joogens Auto Shine,,,False,,,Samuel Muchemi,Joogens Auto Shine,2022-09-28T18:17:52,2022-09-28T18:17:52
Jop Enterprises Ltd P051486798V,,Jop Enterprises Ltd P051486798V,,,False,,,Samuel Muchemi,Jop Enterprises Ltd P051486798V,2022-09-28T18:17:52,2022-09-28T18:17:52
Josephat Randu,,Josephat  Randu,,,False,,,Samuel Muchemi,Josephat Randu,2022-09-28T18:17:53,2022-09-28T18:17:53
Joseph Ogege,,Joseph  Ogege,,,False,,,Samuel Muchemi,Joseph Ogege,2022-09-28T18:17:53,2022-09-28T18:17:53
JOSIM ENTERPRISES,,JOSIM ENTERPRISES,,,False,,,Mary Wangeci,JOSIM ENTERPRISES,2023-05-03T09:34:15,2023-05-03T09:34:15
JOSKIHMART ENTERPRISES,,JOSKIHMART  ENTERPRISES,,,False,,,Samuel Muchemi,JOSKIHMART ENTERPRISES,2022-09-28T18:17:53,2022-09-28T18:17:53
JOSPHAT NGUGI-AGRISEL,,,,,False,,,Mary Wangeci,JOSPHAT NGUGI-AGRISEL,2024-10-02T13:34:49,2024-10-02T13:34:49
JOSTA CLASSICS LTD P051938505P,,JOSTA CLASSICS LTD P051938505P,,,False,,,Mary Wangeci,JOSTA CLASSICS LTD P051938505P,2023-06-12T15:18:52,2023-06-12T15:18:52
JOVINA GENERAL AGENCIES,,,,,False,,,Mary Wangeci,JOVINA GENERAL AGENCIES,2024-03-08T09:42:34,2024-03-08T09:42:34
JOWAMB TRADERS LTD,,,,,False,,,Mary Wangeci,JOWAMB TRADERS LTD,2023-10-31T15:41:09,2023-10-31T15:41:09
JOYCE KARIUKI,,,,,False,,,Mary Wangeci,JOYCE KARIUKI,2024-01-30T11:14:12,2024-01-30T11:14:12
JOYCE NJOROGE,,,,,False,,-7500.0,Mary Wangeci,JOYCE NJOROGE,2023-11-02T08:58:15,2023-11-02T15:24:22
JOY ELECTRICALS & GENERAL HARDWARE,,,,,False,,,Mary Wangeci,JOY ELECTRICALS & GENERAL HARDWARE,2024-09-02T12:36:39,2024-09-02T12:36:39
JULIETEX BOUTIQUE,,,,,False,,,Mary Wangeci,JULIETEX BOUTIQUE,2024-09-02T12:11:21,2024-09-02T12:11:21
JULIPLY LIMITED P051571834A,,JULIPLY LIMITED P051571834A,,,False,,,Mary Wangeci,JULIPLY LIMITED P051571834A,2023-02-28T12:51:03,2023-02-28T12:51:03
JULIPLY LTD P051571834A,,,,,False,,,Mary Wangeci,JULIPLY LTD P051571834A,2023-10-31T10:08:46,2023-10-31T10:08:46
Julius,,Julius,,,False,,,Samuel Muchemi,Julius,2022-09-28T18:17:53,2022-09-28T18:17:53
jumbo autospares,,jumbo  autospares,,,False,,,Samuel Muchemi,jumbo autospares,2022-09-28T18:17:53,2022-09-28T18:17:53
JUMIA KENYA,,JUMIA  KENYA,,,False,,,Samuel Muchemi,JUMIA KENYA,2022-09-28T18:17:53,2022-09-28T18:17:53
JUMIA Online,,JUMIA  Online,,,False,,,Samuel Muchemi,JUMIA Online,2022-09-28T18:17:53,2022-09-28T18:17:53
Jupily Hardware,,Jupily  Hardware,,,False,,,Samuel Muchemi,Jupily Hardware,2022-09-28T18:17:53,2022-09-28T18:17:53
Kadden Limited,,Kadden  Limited,,,False,,,Samuel Muchemi,Kadden Limited,2022-09-28T18:17:54,2022-09-28T18:17:54
KADDEN SHELL KOMAROK P051508861R,,,,,False,,,Mary Wangeci,KADDEN SHELL KOMAROK P051508861R,2023-09-15T10:29:22,2023-09-15T10:29:22
KADI GENERAL HARDWARE AND SUPPLIES LTD,,,,,False,,,Mary Wangeci,KADI GENERAL HARDWARE AND SUPPLIES LTD,2023-11-02T08:37:57,2023-11-02T08:37:57
Kadolta Packagingng Ltd P051467119D,,Kadolta Packagingng Ltd,,0728089283,False,,,Mary Wangeci,Kadolta Packagingng Ltd P051467119D,2022-09-28T18:17:54,2023-06-19T11:03:10
kaguKagundo Road Total  A003988381U,,kaguKagundo Road Total A003988381U,,,False,,,Samuel Muchemi,kaguKagundo Road Total  A003988381U,2022-09-28T18:17:54,2022-09-28T18:17:54
KAGUNDO ROAD TOTAL ENERGIES  A003988381U,,KAGUNDO ROAD TOTAL ENERGIES  A003988381U,,,False,,,Mary Wangeci,KAGUNDO ROAD TOTAL ENERGIES  A003988381U,2023-04-28T12:09:06,2023-04-28T12:09:06
KAHAWA SUKARI PETROL STATION,,,,,False,,,Mary Wangeci,KAHAWA SUKARI PETROL STATION,2024-03-08T10:24:57,2024-03-08T10:24:57
KAKEO FARM,,,,,False,,,Mary Wangeci,KAKEO FARM,2024-05-08T12:44:48,2024-05-08T12:44:48
KAMAU STOCKMAN,,KAMAU  STOCKMAN,,,False,,,Mary Wangeci,KAMAU STOCKMAN,2025-04-01T11:35:24,2025-04-01T11:35:24
KAMULU TOTAL SERVICE STATION,,KAMULU TOTAL SERVICE STATION,,,False,,,Samuel Muchemi,KAMULU TOTAL SERVICE STATION,2022-09-28T18:17:54,2022-09-28T18:17:54
KAMULU TOTAL SERVICE STATION A005627767O,,KAMULU TOTAL SERVICE STATION A005627767O,,,False,,,Mary Wangeci,KAMULU TOTAL SERVICE STATION A005627767O,2023-02-17T11:39:21,2023-02-17T11:39:21
Kangunex Sacco,,Kangunex  Sacco,,,False,,,Samuel Muchemi,Kangunex Sacco,2022-09-28T18:17:54,2022-09-28T18:17:54
KANY TOOLS & ELECTRICALS,,,,,False,,,Mary Wangeci,KANY TOOLS & ELECTRICALS,2023-10-31T07:42:52,2023-10-31T07:42:52
KAPARO MOTORCYCLE REPAIR AND SPARES,,KAPARO MOTORCYCLE REPAIR AND SPARES,,,False,,,Samuel Muchemi,KAPARO MOTORCYCLE REPAIR AND SPARES,2022-09-28T18:17:54,2022-09-28T18:17:54
Kariako Market,,Kariako  Market,,0715694977,False,,,Samuel Muchemi,Kariako Market,2022-09-28T18:17:54,2022-09-28T18:17:54
Karimali Service Station P051139291J,,Karimali Service Station P051139291J,,,False,,,Samuel Muchemi,Karimali Service Station P051139291J,2022-09-28T18:17:54,2022-09-28T18:17:54
Karshash Ltd P051140177R,,Karshash Ltd P051140177R,,,False,,,Mary Wangeci,Karshash Ltd P051140177R,2022-11-03T12:12:37,2022-11-03T12:12:37
Karson Motors Engineering P051111336E,,Karson Motors Engineering P051111336E,,,False,,,Mary Wangeci,Karson Motors Engineering P051111336E,2022-11-03T12:31:30,2022-11-03T12:31:30
KASARANI CAPITAL TYRE CENTRE,,KASARANI CAPITAL TYRE CENTRE,,,False,,,Samuel Muchemi,KASARANI CAPITAL TYRE CENTRE,2022-09-28T18:17:54,2022-09-28T18:17:54
Kassmat Supermarket P051551060U,,Kassmat Supermarket P051551060U,,,False,,,Samuel Muchemi,Kassmat Supermarket P051551060U,2022-09-28T18:17:54,2022-09-28T18:17:54
KAYOLE SERVICE STATION,,KAYOLE SERVICE STATION,,,False,,,Samuel Muchemi,KAYOLE SERVICE STATION,2022-09-28T18:17:54,2022-09-28T18:17:54
KCB Bank,,KCB  Bank,,,False,,,Samuel Muchemi,KCB Bank,2022-09-28T18:17:54,2022-09-28T18:17:54
KEBS,,KEBS,,,False,,,Samuel Muchemi,KEBS,2022-09-28T18:17:54,2022-09-28T18:17:54
KELLA INVESTMENTS,,KELLA  INVESTMENTS,,,False,,,Samuel Muchemi,KELLA INVESTMENTS,2022-09-28T18:17:54,2022-09-28T18:17:54
KEN-MAZAO NA AFYA,,KEN-MAZAO NA AFYA,,,False,,,Mary Wangeci,KEN-MAZAO NA AFYA,2026-02-05T10:37:13,2026-02-05T10:37:13
KENMOT SPARES P000611556O,,,,,False,,,Mary Wangeci,KENMOT SPARES P000611556O,2023-09-28T13:09:46,2023-09-28T13:09:46
kennedy papa,,,,,False,,,Mary Wangeci,kennedy papa,2023-07-11T09:19:39,2023-07-11T09:19:39
KENSEW AUTO SPARES,,,,,False,,,Mary Wangeci,KENSEW AUTO SPARES,2025-02-05T12:17:12,2025-02-05T12:17:12
KENTRADE,,KENTRADE,,,False,,,Mary Wangeci,KENTRADE,2022-12-20T10:50:25,2022-12-20T10:50:25
KENYA AIRWAYS,,,,,False,,,Mary Wangeci,KENYA AIRWAYS,2024-02-06T12:09:41,2024-02-06T12:09:41
Kenya Biologics Ltd,sales@kenyabiologics.com,Kenya Biologics Ltd,P.O. Box 249 Kenol   01020 Kenya,0710724629,False,,,Sheila Maina,Kenya Biologics Ltd,2022-09-28T18:17:54,2025-11-13T09:21:41
Kenya Laboratory Suppliers,,Kenya Laboratory Suppliers,,,False,,,Samuel Muchemi,Kenya Laboratory Suppliers,2022-09-28T18:17:54,2022-09-28T18:17:54
Kenya Rev,,Kenya  Rev,,,False,,,Samuel Muchemi,Kenya Rev,2022-09-28T18:17:54,2022-09-28T18:17:54
KENYA TRANSLATION SERVICES,,,,,False,,,Mary Wangeci,KENYA TRANSLATION SERVICES,2024-11-05T14:35:03,2024-11-05T14:35:03
KENYATTA UNIVERSITY,,KENYATTA  UNIVERSITY,,,False,,,Mary Wangeci,KENYATTA UNIVERSITY,2025-06-05T10:18:44,2025-06-05T10:18:44
KEVIN NDUNGU NDICHU,,,,,False,,,Mary Wangeci,KEVIN NDUNGU NDICHU,2024-02-14T14:16:34,2024-02-14T14:16:34
KEYNANIA GENERAL COMPANY LIMITED,,,,,False,,,Mary Wangeci,KEYNANIA GENERAL COMPANY LIMITED,2023-07-04T11:52:06,2023-07-04T11:52:06
KFC,,KFC,,,False,,,Samuel Muchemi,KFC,2022-09-28T18:17:55,2022-09-28T18:17:55
KFC KASARANI,,,,,False,,,Mary Wangeci,KFC KASARANI,2023-08-24T09:08:57,2023-08-24T09:08:57
K GEE AUTOMART,,K GEE AUTOMART,,,False,,,Samuel Muchemi,K GEE AUTOMART,2022-09-28T18:17:53,2022-09-28T18:17:53
K-GEES AUTO MART,,,,,False,,,Mary Wangeci,K-GEES AUTO MART,2023-12-19T11:18:38,2023-12-19T11:18:38
KIBWEZI BILKHEIR,,KIBWEZI  BILKHEIR,,,False,,,Samuel Muchemi,KIBWEZI BILKHEIR,2022-09-28T18:17:55,2022-09-28T18:17:55
KIDANI STELL MILLS LTD,,,,,False,,,Mary Wangeci,KIDANI STELL MILLS LTD,2024-10-02T15:00:20,2024-10-02T15:00:20
Kifaru Enterprise Ltd P051191777B,,Kifaru Enterprise Ltd P051191777B,,,False,,,Samuel Muchemi,Kifaru Enterprise Ltd P051191777B,2022-09-28T18:17:55,2022-09-28T18:17:55
KILELE RESORT,,KILELE RESORT,,,False,,,Mary Wangeci,KILELE RESORT,2023-06-19T10:59:41,2023-06-19T10:59:41
KIMORI AUTO SPARES,,KIMORI AUTO SPARES,,,False,,,Mary Wangeci,KIMORI AUTO SPARES,2025-09-05T10:07:18,2025-09-05T10:07:18
KIMZ SPARE PARTS,,,,,False,,,Mary Wangeci,KIMZ SPARE PARTS,2023-12-19T11:22:34,2023-12-19T11:22:34
Kinatwa Sacco,,Kinatwa  Sacco,,,False,,,Samuel Muchemi,Kinatwa Sacco,2022-09-28T18:17:55,2022-09-28T18:17:55
KINGS AND QUEENS,,,,,False,,,Mary Wangeci,KINGS AND QUEENS,2023-11-02T08:35:07,2023-11-02T08:35:07
KIRIMARI SERVICE STATION,,KIRIMARI SERVICE STATION,,,False,,,Samuel Muchemi,KIRIMARI SERVICE STATION,2022-09-28T18:17:55,2022-09-28T18:17:55
Kirunga Service Station P051318387R,,Kirunga Service Station P051318387R,,,False,,,Samuel Muchemi,Kirunga Service Station P051318387R,2022-09-28T18:17:55,2022-09-28T18:17:55
KIRYAN ENERGY LIMITED P051845997I,,KIRYAN ENERGY LIMITED P051845997I,,,False,,,Mary Wangeci,KIRYAN ENERGY LIMITED P051845997I,2025-03-10T09:43:40,2025-03-10T09:43:40
KISMATT BATTERY POINT,,,,,False,,,Mary Wangeci,KISMATT BATTERY POINT,2024-07-01T12:13:33,2024-07-01T12:13:33
Kithimani Enterprises,,Kithimani Enterprises,,,False,,,Mary Wangeci,Kithimani Enterprises,2022-11-03T08:23:51,2022-11-03T08:23:51
KITUI TOTAL SERVICE STATION,,KITUI TOTAL SERVICE STATION,,,False,,,Samuel Muchemi,KITUI TOTAL SERVICE STATION,2022-09-28T18:17:55,2022-09-28T18:17:55
KIZIGO SERVICE STATION P051345486O,,,,,False,,,Mary Wangeci,KIZIGO SERVICE STATION P051345486O,2024-02-06T15:19:13,2024-02-06T15:19:13
KOBIAN KENYA LTD,,KOBIAN KENYA LTD,,,False,,,Samuel Muchemi,KOBIAN KENYA LTD,2022-09-28T18:17:55,2022-09-28T18:17:55
KOBIAN KENYA LTD P000611853O,,,,,False,,,Mary Wangeci,KOBIAN KENYA LTD P000611853O,2023-08-31T14:12:44,2023-08-31T14:12:44
Kobil Njiru,,Kobil  Njiru,,,False,,,Samuel Muchemi,Kobil Njiru,2022-09-28T18:17:55,2022-09-28T18:17:55
Kompressor Auto Spares,,Kompressor Auto Spares,,,False,,,Samuel Muchemi,Kompressor Auto Spares,2022-09-28T18:17:55,2022-09-28T18:17:55
Koppert,,Koppert,,,False,,,Samuel Muchemi,Koppert,2022-09-28T18:17:55,2026-01-06T09:57:29
KPLC,,KPLC,,,False,,,Samuel Muchemi,KPLC,2022-09-28T18:17:55,2022-09-28T18:17:55
KRA,,KRA,,,False,,,Samuel Muchemi,KRA,2022-09-28T18:17:55,2022-09-28T18:17:55
KRUMA AUTO WORKS,,KRUMA AUTO WORKS,,,False,,,Samuel Muchemi,KRUMA AUTO WORKS,2022-09-28T18:17:55,2022-09-28T18:17:55
Kukena Sacco,,Kukena  Sacco,,,False,,,Samuel Muchemi,Kukena Sacco,2022-09-28T18:17:55,2022-09-28T18:17:55
KWIK FIX TOYOTA,,,,,False,,,Mary Wangeci,KWIK FIX TOYOTA,2025-02-05T12:16:26,2025-02-05T12:16:26
LADYPRIS CAR DECOR,,,,,False,,,Mary Wangeci,LADYPRIS CAR DECOR,2024-02-06T15:15:35,2024-02-06T15:15:35
LAKE OIL P051599843Y,,,,,False,,,Mary Wangeci,LAKE OIL P051599843Y,2023-08-14T12:28:18,2023-08-14T12:28:18
LANDMARK HOTEL-MWIKI,,LANDMARK HOTEL-MWIKI,,,False,,,Mary Wangeci,LANDMARK HOTEL-MWIKI,2023-03-24T12:17:49,2023-03-24T12:17:49
lathyflora,,lathyflora,,,False,,,Mary Wangeci,lathyflora,2026-03-05T10:26:36,2026-03-05T10:26:36
LEADTIME CARGO LOGISTICS LTD,,LEADTIME CARGO LOGISTICS LTD,,,False,,,Mary Wangeci,LEADTIME CARGO LOGISTICS LTD,2023-03-29T15:42:13,2023-03-29T15:42:13
LEADWAY HOTEL NAIVASHA,,LEADWAY HOTEL NAIVASHA,,,False,,,Samuel Muchemi,LEADWAY HOTEL NAIVASHA,2022-09-28T18:17:55,2022-09-28T18:17:55
Leesstar Pioneer,,Leesstar  Pioneer,,,False,,,Samuel Muchemi,Leesstar Pioneer,2022-09-28T18:17:56,2022-09-28T18:17:56
LEGEND AUTOSPARES,,,,,False,,,Mary Wangeci,LEGEND AUTOSPARES,2024-01-12T09:27:34,2024-01-12T09:27:34
LELESIT-STOKMAN,,LELESIT-STOKMAN,,,False,,,Mary Wangeci,LELESIT-STOKMAN,2025-10-02T15:26:55,2025-10-02T15:26:55
Lewis Office Matt Furnitures,,Lewis Office Matt Furnitures,,,False,,,Mary Wangeci,Lewis Office Matt Furnitures,2022-11-03T08:27:00,2022-11-03T08:27:00
Lexo Energy P051632593N,,Lexo Energy P051632593N,,,False,,,Samuel Muchemi,Lexo Energy P051632593N,2022-09-28T18:17:56,2022-09-28T18:17:56
Leyian Grills,,Leyian Grills,,,False,,,Mary Wangeci,Leyian Grills,2022-11-03T12:43:52,2022-11-03T12:43:52
LIME FIBER,,LIME FIBER,,,False,,,Mary Wangeci,LIME FIBER,2023-03-31T10:17:33,2023-03-31T10:17:33
LinceAuto Logistics Solutions Ltd,,LinceAuto Logistics Solutions Ltd,,,False,,,Samuel Muchemi,LinceAuto Logistics Solutions Ltd,2022-09-28T18:17:56,2022-09-28T18:17:56
Lucy Njuguna,,Lucy  Njuguna,,0722325256,False,,,Samuel Muchemi,Lucy Njuguna,2022-09-28T18:17:56,2022-09-28T18:17:56
"Luminara Inv,",,"Luminara  Inv,",,,False,,,Samuel Muchemi,"Luminara Inv,",2022-09-28T18:17:56,2022-09-28T18:17:56
LUMINARA INVESTMENT LTD P051463209V,,LUMINARA INVESTMENT LTD P051463209V,,,False,,,Mary Wangeci,LUMINARA INVESTMENT LTD P051463209V,2022-12-20T11:26:43,2022-12-20T11:26:43
Luqman Petrol Station P051392659O,,Luqman Petrol Station P051392659O,,,False,,,Mary Wangeci,Luqman Petrol Station P051392659O,2022-11-03T13:12:14,2022-11-03T13:12:14
Luxury shuttle,,Luxury  shuttle,,,False,,,Samuel Muchemi,Luxury shuttle,2022-09-28T18:17:56,2022-09-28T18:17:56
MAARIFA ENTERPRISES,,MAARIFA ENTERPRISES,,,False,,,Mary Wangeci,MAARIFA ENTERPRISES,2023-05-09T10:09:34,2023-05-09T10:09:34
MABAWA ENTERPRISES,,MABAWA ENTERPRISES,,,False,,,Mary Wangeci,MABAWA ENTERPRISES,2023-06-19T10:57:48,2023-06-19T10:57:48
Machakos Service Station P051161349Z,,Machakos Service Station P051161349Z,,,False,,,Samuel Muchemi,Machakos Service Station P051161349Z,2022-09-28T18:17:56,2022-09-28T18:17:56
MAFRA HARDWARE,,MAFRA  HARDWARE,,,False,,,Samuel Muchemi,MAFRA HARDWARE,2022-09-28T18:17:56,2022-09-28T18:17:56
MAGUNA SUPERMARKET P051504774L,,MAGUNA SUPERMARKET P051504774L,,,False,,,Mary Wangeci,MAGUNA SUPERMARKET P051504774L,2023-06-12T15:24:12,2023-06-12T15:24:12
MAKAMA ENTERPRISES A001565488K,,MAKAMA ENTERPRISES,,,False,,,Mary Wangeci,MAKAMA ENTERPRISES A001565488K,2023-04-28T12:04:13,2023-05-03T09:53:33
Makos Courier,,Makos  Courier,,,False,,,Samuel Muchemi,Makos Courier,2022-09-28T18:17:56,2022-09-28T18:17:56
MAKUENI CATHOLIC CENTER,,MAKUENI CATHOLIC CENTER,,,False,,,Samuel Muchemi,MAKUENI CATHOLIC CENTER,2022-09-28T18:17:56,2022-09-28T18:17:56
MAMATA ELECTRICALS,,MAMATA  ELECTRICALS,,,False,,,Samuel Muchemi,MAMATA ELECTRICALS,2022-09-28T18:17:56,2022-09-28T18:17:56
Manatwa Sacco,,Manatwa  Sacco,,,False,,,Samuel Muchemi,Manatwa Sacco,2022-09-28T18:17:56,2022-09-28T18:17:56
MANDERA SHOPPING CENTRE,,MANDERA SHOPPING CENTRE,,,False,,,Mary Wangeci,MANDERA SHOPPING CENTRE,2023-05-03T09:41:00,2023-05-03T09:41:00
MANGRO HOTEL DIANI P051314881G,,,,,False,,,Mary Wangeci,MANGRO HOTEL DIANI P051314881G,2024-02-06T12:01:23,2024-02-06T12:01:23
Maptra Sacco,,Maptra  Sacco,,,False,,,Samuel Muchemi,Maptra Sacco,2022-09-28T18:17:56,2022-09-28T18:17:56
MARBOUROUGH ENERGY LIMITED P051974276X,,,,,False,,,Mary Wangeci,MARBOUROUGH ENERGY LIMITED P051974276X,2024-02-08T09:14:31,2024-02-08T09:14:31
MARIFA ENTERPRISES,,MARIFA ENTERPRISES,,,False,,,Mary Wangeci,MARIFA ENTERPRISES,2022-12-20T11:25:03,2022-12-20T11:25:03
MARKETING EXPENSE,,,,,False,,,Mary Wangeci,MARKETING EXPENSE,2025-01-20T10:59:25,2025-01-20T10:59:25
Mark Holdings,,Mark  Holdings,,,False,,,Samuel Muchemi,Mark Holdings,2022-09-28T18:17:56,2022-09-28T18:17:56
Martin,,Martin,,,False,,,Samuel Muchemi,Martin,2022-09-28T18:17:56,2022-09-28T18:17:56
MARTIN MURIGU,,MARTIN  MURIGU,,,False,,,Samuel Muchemi,MARTIN MURIGU,2022-09-28T18:17:56,2022-09-28T18:17:56
Mash East,,Mash  East,,,False,,,Samuel Muchemi,Mash East,2022-09-28T18:17:57,2022-09-28T18:17:57
MASII SERVICE STATION,,MASII SERVICE STATION,,,False,,,Samuel Muchemi,MASII SERVICE STATION,2022-09-28T18:17:57,2022-09-28T18:17:57
MASTEP LIMITED BOOKS & STATIONERIES P051130453L,,MASTEP LIMITED BOOKS & STATIONERIES P051130453L,,,False,,,Mary Wangeci,MASTEP LIMITED BOOKS & STATIONERIES P051130453L,2023-05-16T11:06:13,2023-05-16T11:06:13
MATIX OIL PETROL STATION,,MATIX OIL PETROL STATION,,,False,,,Samuel Muchemi,MATIX OIL PETROL STATION,2022-09-28T18:17:57,2022-09-28T18:17:57
MAURICE WAMBUA,,MAURICE  WAMBUA,,,False,,,Samuel Muchemi,MAURICE WAMBUA,2022-09-28T18:17:57,2022-09-28T18:17:57
Maverick Supplies,,Maverick  Supplies,,,False,,,Samuel Muchemi,Maverick Supplies,2022-09-28T18:17:57,2022-09-28T18:17:57
MAWA AUTO SPRES,,MAWA AUTO SPRES,,,False,,,Mary Wangeci,MAWA AUTO SPRES,2023-05-16T11:08:25,2023-05-16T11:08:25
MAX AUTO SPARES,,MAX AUTO SPARES,,,False,,,Mary Wangeci,MAX AUTO SPARES,2023-05-12T10:06:51,2023-05-12T10:06:51
MBAU HARDWARE,,,,,False,,,Mary Wangeci,MBAU HARDWARE,2023-08-02T10:39:30,2023-08-02T10:39:30
MBELENZI CUSHION MAKER,,MBELENZI CUSHION MAKER,,,False,,,Mary Wangeci,MBELENZI CUSHION MAKER,2023-06-12T15:28:31,2023-06-12T15:28:31
Mbukoni parcel,,Mbukoni  parcel,,,False,,,Samuel Muchemi,Mbukoni parcel,2022-09-28T18:17:57,2022-09-28T18:17:57
MECK SYSTEMS SUPPLIES LTD,,MECK SYSTEMS SUPPLIES LTD,,,False,,,Samuel Muchemi,MECK SYSTEMS SUPPLIES LTD,2022-09-28T18:17:57,2022-09-28T18:17:57
MEDIPAL,,MEDIPAL,,,False,,,Samuel Muchemi,MEDIPAL,2022-09-28T18:17:57,2022-09-28T18:17:57
Megvel Cartons Ltd,megvelcartons@gmail.com,,P.O Box 163 Nairobi  00519 Kenya,020 2664884,False,,,Sheila Maina,Megvel Cartons Ltd,2024-10-17T08:38:50,2024-10-17T08:38:50
MENYA SERVICES SACCO,,MENYA SERVICES SACCO,,,False,,,Samuel Muchemi,MENYA SERVICES SACCO,2022-09-28T18:17:57,2022-09-28T18:17:57
Merlock Energy Ltd P051761689S,,Merlock Energy Ltd P051761689S,,,False,,,Samuel Muchemi,Merlock Energy Ltd P051761689S,2022-09-28T18:17:57,2022-09-28T18:17:57
MERU MILK DEPOT,,MERU MILK DEPOT,,,False,,,Mary Wangeci,MERU MILK DEPOT,2022-11-04T09:16:56,2022-11-04T09:16:56
MESHACK MAWEU,,MESHACK  MAWEU,,,False,,,Samuel Muchemi,MESHACK MAWEU,2022-09-28T18:17:57,2022-09-28T18:17:57
Mesnjo Agencies,,Mesnjo  Agencies,,,False,,,Samuel Muchemi,Mesnjo Agencies,2022-09-28T18:17:57,2022-09-28T18:17:57
METAL FABRICATION WORKS SERVICES,,METAL FABRICATION WORKS SERVICES,,,False,,,Samuel Muchemi,METAL FABRICATION WORKS SERVICES,2022-09-28T18:17:57,2022-09-28T18:17:57
METROLINK HIGHWAY SERVICES LTD P051984688G,,METROLINK HIGHWAY SERVICES LTD P051984688G,,,False,,,Mary Wangeci,METROLINK HIGHWAY SERVICES LTD P051984688G,2023-06-06T14:36:01,2023-06-06T14:36:01
MICHAEL MUCHEMI,,MICHAEL  MUCHEMI,,,False,,,Mary Wangeci,MICHAEL MUCHEMI,2025-05-07T10:30:26,2025-05-07T10:30:26
MICHAEL MUNYAMBU,,MICHAEL  MUNYAMBU,,,False,,,Samuel Muchemi,MICHAEL MUNYAMBU,2022-09-28T18:17:57,2022-09-28T18:17:57
MIDAX PETROLEUM P051237636F,,MIDAX PETROLEUM P051237636F,,,False,,,Samuel Muchemi,MIDAX PETROLEUM P051237636F,2022-09-28T18:17:57,2022-09-28T18:17:57
MIDWAY PETROLEUM LTD,,MIDWAY PETROLEUM LTD,,,False,,,Samuel Muchemi,MIDWAY PETROLEUM LTD,2022-09-28T18:17:57,2022-09-28T18:17:57
Milton Mwangi,,Milton  Mwangi,,,False,,,Samuel Muchemi,Milton Mwangi,2022-09-28T18:17:58,2022-09-28T18:17:58
MINET INSURANCE BROKERS LTD,,MINET INSURANCE BROKERS LTD,,,False,,,Samuel Muchemi,MINET INSURANCE BROKERS LTD,2022-09-28T18:17:58,2022-09-28T18:17:58
MISHKA AUTOSPA LTD,,MISHKA AUTOSPA LTD,,,False,,,Mary Wangeci,MISHKA AUTOSPA LTD,2025-10-03T11:34:35,2025-10-03T11:34:35
MITSUE TRADING COMPANY,,,,,False,,,Mary Wangeci,MITSUE TRADING COMPANY,2023-09-05T09:03:00,2023-09-05T09:03:00
Miva Holdings Limited P052126809X,,,,,False,,,Mary Wangeci,Miva Holdings Limited P052126809X,2024-01-12T09:31:52,2024-01-12T09:31:52
MNKafe Limited P051658585D,,,,,False,,,Mary Wangeci,MNKafe Limited P051658585D,2024-02-06T11:53:34,2024-02-06T11:53:34
MOBILEX ENERGY,,MOBILEX  ENERGY,,,False,,,Samuel Muchemi,MOBILEX ENERGY,2022-09-28T18:17:58,2022-09-28T18:17:58
Modern Coast,,Modern  Coast,,,False,,,Samuel Muchemi,Modern Coast,2022-09-28T18:17:58,2022-09-28T18:17:58
Mololline Shuttle,,Mololline  Shuttle,,,False,,,Samuel Muchemi,Mololline Shuttle,2022-09-28T18:17:58,2022-09-28T18:17:58
Molo River,,,,,False,,,Mary Wangeci,Molo River,2026-07-03T12:27:22,2026-07-03T12:27:22
Monimart polythyne,,Monimart  polythyne,,,False,,,Samuel Muchemi,Monimart polythyne,2022-09-28T18:17:58,2022-09-28T18:17:58
MONLY LIMITED P051705053H,,MONLY LIMITED P051705053H,,,False,,,Mary Wangeci,MONLY LIMITED P051705053H,2023-05-10T12:11:49,2023-05-10T12:11:49
MONROSS HARDWARE LTD P051541738A,,MONROSS HARDWARE LTD P051541738A,,,False,,,Mary Wangeci,MONROSS HARDWARE LTD P051541738A,2023-02-28T12:35:06,2023-02-28T12:35:06
MOONLIGHT STATIONERS,,MOONLIGHT  STATIONERS,,,False,,,Samuel Muchemi,MOONLIGHT STATIONERS,2022-09-28T18:17:58,2022-09-28T18:17:58
MORGAN AUTOSPARES,,MORGAN  AUTOSPARES,,,False,,,Samuel Muchemi,MORGAN AUTOSPARES,2022-09-28T18:17:58,2022-09-28T18:17:58
MORIZO AUTOSPARES & ACCESSORIES,,,,,False,,,Mary Wangeci,MORIZO AUTOSPARES & ACCESSORIES,2023-09-14T12:59:32,2023-09-14T12:59:32
MORNACH INSURANCE CO,,MORNACH INSURANCE CO,,,False,,,Samuel Muchemi,MORNACH INSURANCE CO,2022-09-28T18:17:58,2022-09-28T18:17:58
MOSES LAB EQUIPMENTS,,,,,False,,,Mary Wangeci,MOSES LAB EQUIPMENTS,2023-09-29T15:28:06,2023-09-29T15:28:06
MOSES MUTHEE,,MOSES MUTHEE,,,False,,,Mary Wangeci,MOSES MUTHEE,2022-12-20T10:49:47,2022-12-20T10:49:47
Motbi Ltd P051212077K,,Motbi Ltd P051212077K,,,False,,,Samuel Muchemi,Motbi Ltd P051212077K,2022-09-28T18:17:58,2022-09-28T18:17:58
Motorconsult Garage Ltd P052012852S,,Motorconsult Garage Ltd P052012852S,,,False,,,Samuel Muchemi,Motorconsult Garage Ltd P052012852S,2022-09-28T18:17:58,2022-09-28T18:17:58
Motor Vehicle Auto,,Motor Vehicle Auto,,,False,,,Samuel Muchemi,Motor Vehicle Auto,2022-09-28T18:17:58,2022-09-28T18:17:58
Motor vehicle Auto Garage Service,,Motor vehicle Auto Garage Service,,,False,,,Samuel Muchemi,Motor vehicle Auto Garage Service,2022-09-28T18:17:58,2022-09-28T18:17:58
MOWACH PETROLEUM LTD P051715669W,,,,,False,,,Mary Wangeci,MOWACH PETROLEUM LTD P051715669W,2024-07-30T12:01:03,2024-07-30T12:01:03
MPAMBE FASTENERS & ELECTRICALS,,MPAMBE FASTENERS & ELECTRICALS,,,False,,,Mary Wangeci,MPAMBE FASTENERS & ELECTRICALS,2023-05-16T11:04:45,2023-05-16T11:04:45
Mr Kyalo,,Mr  Kyalo,,0722325256,False,,,Samuel Muchemi,Mr Kyalo,2022-09-28T18:17:58,2022-09-28T18:17:58
Mr.onyango & Njoro carwash,,Mr.onyango & Njoro carwash,,,False,,,Samuel Muchemi,Mr.onyango & Njoro carwash,2022-09-28T18:17:58,2022-09-28T18:17:58
MTN Sacco,,MTN  Sacco,,,False,,,Samuel Muchemi,MTN Sacco,2022-09-28T18:17:58,2022-09-28T18:17:58
Muhindi Mweusi P051401642N,,Muhindi Mweusi P051401642N,,0742764311/711915860,False,,,Samuel Muchemi,Muhindi Mweusi P051401642N,2022-09-28T18:17:58,2022-09-28T18:17:58
Muhsin Express,,Muhsin  Express,,,False,,,Samuel Muchemi,Muhsin Express,2022-09-28T18:17:59,2022-09-28T18:17:59
MultiFixers Energy Ltd P051673507D,,MultiFixers Energy Ltd P051673507D,,,False,,,Samuel Muchemi,MultiFixers Energy Ltd P051673507D,2022-09-28T18:17:59,2022-09-28T18:17:59
MUTHUKU MUNANDI FILLING STATION,,MUTHUKU MUNANDI FILLING STATION,,,False,,,Samuel Muchemi,MUTHUKU MUNANDI FILLING STATION,2022-09-28T18:17:59,2022-09-28T18:17:59
MWACHIA FAB AUTO WORKS,,MWACHIA FAB AUTO WORKS,,,False,,,Mary Wangeci,MWACHIA FAB AUTO WORKS,2025-09-05T09:49:04,2025-09-05T09:49:04
Mwafrika Safari AgenciesP051759382B,,Mwafrika Safari AgenciesP051759382B,,,False,,,Samuel Muchemi,Mwafrika Safari AgenciesP051759382B,2022-09-28T18:17:59,2022-09-28T18:17:59
mwaka glassmart electrical & hardware,,,,,False,,,Mary Wangeci,mwaka glassmart electrical & hardware,2023-08-02T08:09:13,2023-08-02T08:09:13
MWAKIKI INVESTMENT LTD P051568846W,,MWAKIKI INVESTMENT LTD P051568846W,,,False,,,Samuel Muchemi,MWAKIKI INVESTMENT LTD P051568846W,2022-09-28T18:17:59,2022-09-28T18:17:59
MWANGI DRIVER,,,,,False,,,Mary Wangeci,MWANGI DRIVER,2026-05-06T11:24:48,2026-05-06T11:24:48
MWANGI KHE,,MWANGI  KHE,,,False,,,Samuel Muchemi,MWANGI KHE,2022-09-28T18:17:59,2022-09-28T18:17:59
Mwangi Mechanic,,Mwangi  Mechanic,,,False,,,Mary Wangeci,Mwangi Mechanic,2025-12-11T10:31:01,2025-12-11T10:31:01
Mweke-MKU,,Mweke-MKU,,,False,,,Mary Wangeci,Mweke-MKU,2026-03-03T13:07:43,2026-03-03T13:07:43
M.W. Metal Workshop,,M.W. Metal Workshop,,,False,,,Samuel Muchemi,M.W. Metal Workshop,2022-09-28T18:17:56,2022-09-28T18:17:56
MZAE AUTO SPARES,,MZAE AUTO SPARES,,,False,,,Mary Wangeci,MZAE AUTO SPARES,2025-05-07T12:15:03,2025-05-07T12:15:03
MZALENDO   AFRINET,,MZALENDO  AFRINET,,,False,,,Samuel Muchemi,MZALENDO   AFRINET,2022-09-28T18:17:59,2022-09-28T18:17:59
Naekana Sacco,,Naekana  Sacco,,,False,,,Samuel Muchemi,Naekana Sacco,2022-09-28T18:17:59,2022-09-28T18:17:59
NAHASHON OMONDI,,NAHASHON  OMONDI,,,False,,,Samuel Muchemi,NAHASHON OMONDI,2022-09-28T18:17:59,2022-09-28T18:17:59
Nairobi City County,,Nairobi City County,,,False,,,Samuel Muchemi,Nairobi City County,2022-09-28T18:17:59,2022-09-28T18:17:59
Nairobi Sewarage & Water Company,,Nairobi Sewarage & Water Company,,,False,,,Mary Wangeci,Nairobi Sewarage & Water Company,2022-11-07T09:48:42,2022-11-07T09:48:42
Naivas Buruburu,,Naivas  Buruburu,,0722106688,False,,,Samuel Muchemi,Naivas Buruburu,2022-09-28T18:17:59,2022-09-28T18:17:59
NAIVASHA BREEZE HOTEL,,,,,False,,,Mary Wangeci,NAIVASHA BREEZE HOTEL,2023-09-04T15:35:20,2023-09-04T15:35:20
NAIVASHA SERVICE STATION P051679833W,,,,,False,,,Mary Wangeci,NAIVASHA SERVICE STATION P051679833W,2024-01-12T09:23:12,2024-01-12T09:23:12
Naivasha Total Service Station,,Naivasha Total Service Station,,,False,,,Samuel Muchemi,Naivasha Total Service Station,2022-09-28T18:17:59,2022-09-28T18:17:59
Naivasha Total Service Station A003329068C,,Naivasha Total Service Station A003329068C,,,False,,,Mary Wangeci,Naivasha Total Service Station A003329068C,2023-01-13T11:33:25,2023-01-13T11:33:25
Naivas Limited P051123223G,,Naivas Limited P051123223G,,,False,,,Samuel Muchemi,Naivas Limited P051123223G,2022-09-28T18:17:59,2022-09-28T18:17:59
NAKURU COUNTY,,,,,False,,,Mary Wangeci,NAKURU COUNTY,2023-09-05T09:58:47,2023-09-05T09:58:47
NAROMORU TOTAL ENERGIES A004355605N,,,,,False,,,Mary Wangeci,NAROMORU TOTAL ENERGIES A004355605N,2024-12-10T15:56:17,2024-12-10T15:56:17
Neno Courier,,Neno  Courier,,,False,,,Samuel Muchemi,Neno Courier,2022-09-28T18:17:59,2022-09-28T18:17:59
NEW EMBU SERVICE STATION P051139291J,,NEW EMBU SERVICE STATION P051139291J,,,False,,,Mary Wangeci,NEW EMBU SERVICE STATION P051139291J,2023-02-17T11:37:43,2023-02-17T11:37:43
New Gatitu Service Station P000623913K,,New Gatitu Service Station P000623913K,,,False,,,Mary Wangeci,New Gatitu Service Station P000623913K,2022-11-03T08:35:01,2022-11-03T08:35:01
New Kasarani Service Station P051600986L,,New Kasarani Service Station P051600986L,,,False,,,Samuel Muchemi,New Kasarani Service Station P051600986L,2022-09-28T18:17:59,2022-09-28T18:17:59
New Komarock Shell P051508861R,,New Komarock Shell P051508861R,,,False,,,Samuel Muchemi,New Komarock Shell P051508861R,2022-09-28T18:18:00,2022-09-28T18:18:00
New NNUS,,New  NNUS,,,False,,,Samuel Muchemi,New NNUS,2022-09-28T18:18:00,2022-09-28T18:18:00
New rockwell service station P051185760E,,New rockwell service station P051185760E,,,False,,,Samuel Muchemi,New rockwell service station P051185760E,2022-09-28T18:18:00,2022-09-28T18:18:00
New Ruaraka Service station P051237636F,,New Ruaraka Service station P051237636F,,,False,,,Samuel Muchemi,New Ruaraka Service station P051237636F,2022-09-28T18:18:00,2022-09-28T18:18:00
New Sigona Service Station P051566597C,,New Sigona Service Station P051566597C,,,False,,,Mary Wangeci,New Sigona Service Station P051566597C,2022-11-03T12:45:57,2022-11-03T12:45:57
NEW SIGONA SHELL SERVICE STATION,,,,,False,,,Mary Wangeci,NEW SIGONA SHELL SERVICE STATION,2023-09-04T15:32:19,2023-09-04T15:32:19
NEW SIGONA SHELL SERVICE STATION P051566597C,,,,,False,,,Mary Wangeci,NEW SIGONA SHELL SERVICE STATION P051566597C,2023-09-04T15:34:11,2023-09-04T15:34:11
NEWTECH AUTO SPARES,,NEWTECH AUTO SPARES,,,False,,,Mary Wangeci,NEWTECH AUTO SPARES,2025-07-01T09:47:51,2025-07-01T09:47:51
Newtech Electricals Distributors,,Newtech Electricals Distributors,,,False,,,Mary Wangeci,Newtech Electricals Distributors,2023-01-31T15:27:07,2023-01-31T15:27:07
NEWTON  AUTOSPARES LIMITED P052009293K,,,,,False,,,Mary Wangeci,NEWTON  AUTOSPARES LIMITED P052009293K,2024-02-06T11:46:07,2024-02-06T11:46:07
NEW TOTAL EMALIP051238331Z,,NEW TOTAL EMALI,,,False,,,Mary Wangeci,NEW TOTAL EMALIP051238331Z,2025-12-23T14:36:56,2025-12-23T14:36:56
NHIF,,NHIF,,,False,,,Mary Wangeci,NHIF,2022-11-08T12:05:12,2022-11-08T12:05:12
Nice Shell Energy P051159718C,,Nice Shell Energy P051159718C,,,False,,,Mary Wangeci,Nice Shell Energy P051159718C,2022-11-03T11:23:33,2022-11-03T11:23:33
NICE SHELL MILLERS P051159718C,,,,,False,,,Mary Wangeci,NICE SHELL MILLERS P051159718C,2023-09-15T10:43:48,2023-09-15T10:43:48
NICOVERS AUTO SERVICES & SUPPLIES,,,,,False,,,Mary Wangeci,NICOVERS AUTO SERVICES & SUPPLIES,2024-04-03T15:43:56,2024-04-03T15:43:56
NIRMA K LTD,,NIRMA K LTD,,,False,,,Samuel Muchemi,NIRMA K LTD,2022-09-28T18:18:00,2022-09-28T18:18:00
Njembaka .B.M.Hardware,,Njembaka .B.M.Hardware,,,False,,,Mary Wangeci,Njembaka .B.M.Hardware,2022-11-03T10:40:47,2022-11-03T10:40:47
njiru,,njiru,,,False,,,Samuel Muchemi,njiru,2022-09-28T18:18:00,2022-09-28T18:18:00
NJIRU FILLING STATION,,,,,False,,,Mary Wangeci,NJIRU FILLING STATION,2024-03-08T10:25:52,2024-03-08T10:25:52
Njiru Puncture Repair,,Njiru Puncture Repair,,,False,,,Samuel Muchemi,Njiru Puncture Repair,2022-09-28T18:18:00,2022-09-28T18:18:00
Njiru Punture Repair,,Njiru Punture Repair,,,False,,,Samuel Muchemi,Njiru Punture Repair,2022-09-28T18:18:00,2022-09-28T18:18:00
NJIRU SITE,,NJIRU  SITE,,,False,,,Samuel Muchemi,NJIRU SITE,2022-09-28T18:18:00,2022-09-28T18:18:00
NJIRU STEEL CENTRE,,NJIRU STEEL CENTRE,,,False,,,Mary Wangeci,NJIRU STEEL CENTRE,2025-03-10T10:03:52,2025-03-10T10:03:52
NJUGI B.G & COMPANY ADVOCATES,,NJUGI B.G & COMPANY ADVOCATES,,,False,,,Mary Wangeci,NJUGI B.G & COMPANY ADVOCATES,2023-03-31T09:59:23,2023-03-31T09:59:23
NOBLE VETINARY,,NOBLE  VETINARY,,,False,,,Mary Wangeci,NOBLE VETINARY,2025-04-01T11:50:50,2025-04-01T11:50:50
North Rift Shuttle,,North Rift Shuttle,,,False,,,Samuel Muchemi,North Rift Shuttle,2022-09-28T18:18:01,2022-09-28T18:18:01
North View Supermarket,,North View Supermarket,,,False,,,Samuel Muchemi,North View Supermarket,2022-09-28T18:18:01,2022-09-28T18:18:01
NOVIA SOLUTIONS,,NOVIA  SOLUTIONS,,,False,,,Samuel Muchemi,NOVIA SOLUTIONS,2022-09-28T18:18:01,2022-09-28T18:18:01
Novina Ltd Total Kayole P052033793E,,Novina Ltd Total Kayole P052033793E,,,False,,,Samuel Muchemi,Novina Ltd Total Kayole P052033793E,2022-09-28T18:18:01,2022-09-28T18:18:01
NSSF,,NSSF,,,False,,,Mary Wangeci,NSSF,2022-11-07T09:30:18,2026-06-05T14:45:05
NTK Travel Services,,NTK Travel Services,,,False,,,Samuel Muchemi,NTK Travel Services,2022-09-28T18:18:01,2022-09-28T18:18:01
Nyamasaria Service Station,,Nyamasaria Service Station,,,False,,,Samuel Muchemi,Nyamasaria Service Station,2022-09-28T18:18:01,2022-09-28T18:18:01
OCCIDENTALS INSURANCE CO.LTD,,,,,False,,,Mary Wangeci,OCCIDENTALS INSURANCE CO.LTD,2024-02-14T14:17:51,2024-02-14T14:17:51
ODINGA & ODINGA ADVOCATES,,ODINGA & ODINGA ADVOCATES,,,False,,,Mary Wangeci,ODINGA & ODINGA ADVOCATES,2023-06-06T09:41:32,2023-06-06T09:41:32
Ofisaa Electricals,,Ofisaa  Electricals,,,False,,,Samuel Muchemi,Ofisaa Electricals,2022-09-28T18:18:01,2022-09-28T18:18:01
OLA ENERGY LTD,,OLA ENERGY LTD,,,False,,,Samuel Muchemi,OLA ENERGY LTD,2022-09-28T18:18:01,2022-09-28T18:18:01
Ola KImbo Service Station,,Ola KImbo Service Station,,,False,,,Samuel Muchemi,Ola KImbo Service Station,2022-09-28T18:18:01,2022-09-28T18:18:01
OMACCON SPARE PARTS P051349994B,,,,,False,,,Mary Wangeci,OMACCON SPARE PARTS P051349994B,2024-09-03T10:13:05,2024-09-03T10:13:05
Omar Auto SparesP000610938P,,Omar Auto SparesP000610938P,,,False,,,Samuel Muchemi,Omar Auto SparesP000610938P,2022-09-28T18:18:01,2022-09-28T18:18:01
ORIENT EXPRESS SERVICE LTD,,ORIENT EXPRESS SERVICE LTD,,,False,,,Samuel Muchemi,ORIENT EXPRESS SERVICE LTD,2022-09-28T18:18:01,2022-09-28T18:18:01
Osho Chemicals,,Osho  Chemicals,,0724255695,False,,,Samuel Muchemi,Osho Chemicals,2022-09-28T18:18:01,2023-01-13T10:38:50
OSIB OIL LTD P051993433M,,,,,False,,,Mary Wangeci,OSIB OIL LTD P051993433M,2023-09-28T15:35:55,2023-09-28T15:35:55
PALUMA LTD P051139291J,,,,,False,,,Mary Wangeci,PALUMA LTD P051139291J,2023-10-31T07:59:20,2023-10-31T07:59:20
PAMU AUTOSPARES,,PAMU  AUTOSPARES,,,False,,,Samuel Muchemi,PAMU AUTOSPARES,2022-09-28T18:18:02,2022-09-28T18:18:02
PANDA MART GARDEN CITY,,,,,False,,,Mary Wangeci,PANDA MART GARDEN CITY,2024-09-03T10:08:39,2024-09-03T10:08:39
PANJU AGENCIES COMPANY,,PANJU AGENCIES COMPANY,,,False,,,Samuel Muchemi,PANJU AGENCIES COMPANY,2022-09-28T18:18:02,2022-09-28T18:18:02
Panzy Stationers,,Panzy  Stationers,,,False,,,Samuel Muchemi,Panzy Stationers,2022-09-28T18:18:02,2022-09-28T18:18:02
PARAMOUNT AUTOSPARES,,PARAMOUNT  AUTOSPARES,,,False,,,Samuel Muchemi,PARAMOUNT AUTOSPARES,2022-09-28T18:18:02,2022-09-28T18:18:02
PARTNAR COMMUNICATION LTD P051220114A,,,,,False,,,Mary Wangeci,PARTNAR COMMUNICATION LTD P051220114A,2024-10-02T14:05:57,2024-10-02T14:05:57
Pato auto Garage,,Pato auto Garage,,,False,,,Mary Wangeci,Pato auto Garage,2022-11-03T11:19:22,2022-11-03T11:19:22
PATRICK ICIPE,,,,,False,,,Mary Wangeci,PATRICK ICIPE,2023-09-05T08:10:00,2023-09-05T08:10:00
PAUL OKUMU,,,,,False,,,Mary Wangeci,PAUL OKUMU,2023-09-05T08:53:01,2023-09-05T08:53:01
PAYBOX LTD,,PAYBOX LTD,,,False,,,Mary Wangeci,PAYBOX LTD,2023-04-27T15:21:01,2023-04-27T15:21:01
PCPB,,PCPB,,,False,,,Mary Wangeci,PCPB,2023-02-01T10:30:31,2023-02-01T10:30:31
PEMUKA PROPERTIES,,PEMUKA  PROPERTIES,,,False,,,Samuel Muchemi,PEMUKA PROPERTIES,2022-09-28T18:18:02,2022-09-28T18:18:02
PENTAGON CREW LIMITED P052198012S,,,,,False,,,Mary Wangeci,PENTAGON CREW LIMITED P052198012S,2025-02-05T12:24:12,2025-02-05T12:24:12
PETER BELEA,,PETER  BELEA,,,False,,,Mary Wangeci,PETER BELEA,2025-05-07T09:58:14,2025-05-07T09:58:14
PETER -BELEA AGROVET,,PETER -BELEA AGROVET,,,False,,,Mary Wangeci,PETER -BELEA AGROVET,2025-06-05T09:42:26,2025-06-05T09:42:26
PETRON AUTO GARAGE,,PETRON AUTO GARAGE,,,False,,,Samuel Muchemi,PETRON AUTO GARAGE,2022-09-28T18:18:02,2022-09-28T18:18:02
Petsy Retail,,Petsy  Retail,,,False,,,Samuel Muchemi,Petsy Retail,2022-09-28T18:18:02,2022-09-28T18:18:02
PHEROBANK,,,,,False,,,Mary Wangeci,PHEROBANK,2023-12-06T08:40:03,2023-12-06T08:40:03
pipeline service station P051316956M,,,,,False,,,Mary Wangeci,pipeline service station P051316956M,2024-01-12T09:24:44,2024-01-12T09:24:44
PJEA ENTERPRISES,,PJEA ENTERPRISES,,,False,,,Mary Wangeci,PJEA ENTERPRISES,2023-05-03T09:38:49,2023-05-03T09:38:49
Planvet Agrochemicals,,Planvet  Agrochemicals,,,False,,-4250.0,Sheila Maina,Planvet Agrochemicals,2023-02-07T12:21:30,2025-07-23T10:05:49
Plenser Auto Spares,,Plenser Auto Spares,,,False,,,Samuel Muchemi,Plenser Auto Spares,2022-09-28T18:18:02,2022-09-28T18:18:02
PLUG & ELEVATE LTD P051910394M,,,,,False,,,Mary Wangeci,PLUG & ELEVATE LTD P051910394M,2023-09-28T08:39:18,2023-09-28T08:39:18
POLYFLEX INDUSTRIES LIMITED P051115640Q,,,"0733612999/0714222244
LUNGA LUNGA ROAD",,False,,,Mary Wangeci,POLYFLEX INDUSTRIES LIMITED P051115640Q,2024-01-30T08:56:48,2024-01-30T09:00:24
PORT HEALTH SERVICES,,,,,False,,,Mary Wangeci,PORT HEALTH SERVICES,2023-09-05T10:14:43,2023-09-05T10:14:43
posta,,posta,,,False,,,Samuel Muchemi,posta,2022-09-28T18:18:02,2022-09-28T18:18:02
P & R BOOKSHOP,,P & R BOOKSHOP,,,False,,,Samuel Muchemi,P & R BOOKSHOP,2022-09-28T18:18:02,2022-09-28T18:18:02
Premier motor Spares,,Premier motor Spares,,,False,,,Samuel Muchemi,Premier motor Spares,2022-09-28T18:18:02,2022-09-28T18:18:02
PREMIIER HARDWARE STORE,,PREMIIER HARDWARE STORE,,,False,,,Samuel Muchemi,PREMIIER HARDWARE STORE,2022-09-28T18:18:03,2022-09-28T18:18:03
Prestige Vet Care Ltd,,,,,False,,,Mary Wangeci,Prestige Vet Care Ltd,2024-07-29T12:37:06,2024-07-29T12:37:06
PRIPRO COMPANY LIMITED P052012029J,,,,,False,,,Mary Wangeci,PRIPRO COMPANY LIMITED P052012029J,2024-09-03T10:02:26,2024-09-03T10:02:26
PROMISE HARDWARE,,PROMISE HARDWARE,,,False,,,Mary Wangeci,PROMISE HARDWARE,2022-12-19T16:24:25,2022-12-19T16:24:25
Purity.M.muli,,Purity.M.muli,,,False,,,Mary Wangeci,Purity.M.muli,2022-11-07T09:02:21,2022-11-10T14:16:23
Purity Muli agent,,Purity Muli agent,,0729352399,False,,,Samuel Muchemi,Purity Muli agent,2022-09-28T18:18:03,2022-09-28T18:18:03
QUALITY APPLIANCES,,,,,False,,,Mary Wangeci,QUALITY APPLIANCES,2023-09-15T10:39:11,2023-09-15T10:39:11
QUALITY MEAT PACKERS LTD,,QUALITY MEAT PACKERS LTD,,,False,,,Mary Wangeci,QUALITY MEAT PACKERS LTD,2023-04-28T12:13:15,2023-04-28T12:13:15
Quarte Global Holdings Ltd P051966954D,,Quarte Global Holdings Ltd P051966954D,,,False,,,Mary Wangeci,Quarte Global Holdings Ltd P051966954D,2022-11-03T13:05:53,2022-11-03T13:05:53
QUICK CYBER,,,,,False,,,Mary Wangeci,QUICK CYBER,2024-07-01T10:52:25,2024-07-01T10:52:25
Quick Lane Tyre$ Auto,,Quick Lane Tyre$ Auto,,,False,,,Samuel Muchemi,Quick Lane Tyre$ Auto,2022-09-28T18:18:03,2022-09-28T18:18:03
QUICKMART OUTERING,,,,,False,,,Mary Wangeci,QUICKMART OUTERING,2023-09-28T09:31:51,2023-09-28T09:31:51
Quick Mart P051188806D,,Quick Mart P051188806D,,,False,,,Samuel Muchemi,Quick Mart P051188806D,2022-09-28T18:18:03,2022-09-28T18:18:03
QUICKMART P051188806D,,QUICKMART P051188806D,,,False,,,Mary Wangeci,QUICKMART P051188806D,2023-02-17T11:48:27,2023-02-17T11:48:27
QUWA ENERGY COMPANY LTD P051709972B,,,,,False,,,Mary Wangeci,QUWA ENERGY COMPANY LTD P051709972B,2024-01-12T08:52:03,2024-01-12T08:52:03
RAFIKI HARDWARE,,RAFIKI  HARDWARE,,,False,,,Mary Wangeci,RAFIKI HARDWARE,2025-07-01T09:49:43,2025-07-01T09:49:43
Raha Express,,Raha  Express,,,False,,,Samuel Muchemi,Raha Express,2022-09-28T18:18:03,2022-09-28T18:18:03
RAINBOW CHICKEN HOUSE P051437774S,,RAINBOW CHICKEN HOUSE P051437774S,,,False,,,Mary Wangeci,RAINBOW CHICKEN HOUSE P051437774S,2023-05-31T10:30:18,2023-05-31T10:32:45
RAMANI WAREHOUSE LIMITED,,,,,False,,,Mary Wangeci,RAMANI WAREHOUSE LIMITED,2025-02-05T12:13:38,2025-02-05T12:13:38
RAMJI FILLING STATION P051318387R,,RAMJI FILLING STATION P051318387R,,,False,,,Mary Wangeci,RAMJI FILLING STATION P051318387R,2025-08-06T15:14:30,2025-08-06T15:14:30
RAMUKO MOTORCYCLE SPARES,,,,,False,,,Mary Wangeci,RAMUKO MOTORCYCLE SPARES,2023-09-05T08:22:00,2023-09-05T08:22:00
REDWOOD DEVELOPERS LTD P051215728A,,,,,False,,,Mary Wangeci,REDWOOD DEVELOPERS LTD P051215728A,2024-12-10T15:51:34,2024-12-10T15:51:34
REUBEN MURAGE,,REUBEN  MURAGE,,,False,,,Samuel Muchemi,REUBEN MURAGE,2022-09-28T18:18:03,2022-09-28T18:18:03
Revenue Authority,,Revenue  Authority,,,False,,,Samuel Muchemi,Revenue Authority,2022-09-28T18:18:03,2022-09-28T18:18:03
REXOL SERVICE STATION,,REXOL SERVICE STATION,,,False,,,Samuel Muchemi,REXOL SERVICE STATION,2022-09-28T18:18:03,2022-09-28T18:18:03
RICHARD MUNGAI,,,,,False,,,Mary Wangeci,RICHARD MUNGAI,2023-08-22T09:34:33,2023-08-22T09:34:33
Rimuwa Auto Spares,,Rimuwa Auto Spares,,,False,,,Mary Wangeci,Rimuwa Auto Spares,2022-11-03T12:35:25,2022-11-03T12:35:25
RIWA ENGINEERING,,RIWA  ENGINEERING,,,False,,,Samuel Muchemi,RIWA ENGINEERING,2022-09-28T18:18:03,2022-09-28T18:18:03
RM MUGO CO ADVOCATES,,RM MUGO CO ADVOCATES,,,False,,,Mary Wangeci,RM MUGO CO ADVOCATES,2025-09-05T13:02:57,2025-09-05T13:02:57
Roack Waste Management,,Roack Waste Management,,,False,,,Samuel Muchemi,Roack Waste Management,2022-09-28T18:18:03,2022-09-28T18:18:03
ROADLINK EXPRESS LTD P051355737H,,,,,False,,,Mary Wangeci,ROADLINK EXPRESS LTD P051355737H,2024-11-06T09:34:51,2024-11-06T09:34:51
ROAKS SERVICE LIMITED,,,,,False,,,Mary Wangeci,ROAKS SERVICE LIMITED,2023-11-30T14:48:52,2023-11-30T14:48:52
RONGAI SUPERMARKET A001224397U,,RONGAI SUPERMARKET A001224397U,,,False,,,Samuel Muchemi,RONGAI SUPERMARKET A001224397U,2022-09-28T18:18:03,2022-09-28T18:18:03
ROSEBIRD LIMITED P051120928M,,,,,False,,,Mary Wangeci,ROSEBIRD LIMITED P051120928M,2024-05-08T12:34:28,2024-05-08T12:34:28
Rosselot ltd,,Rosselot  ltd,,,False,,,Samuel Muchemi,Rosselot ltd,2022-09-28T18:18:04,2022-09-28T18:18:04
ROWAKI VENTURES,,ROWAKI  VENTURES,,,False,,,Samuel Muchemi,ROWAKI VENTURES,2022-09-28T18:18:04,2022-09-28T18:18:04
ROYAL AUTOMATIVE SUPPLIES LTD,,ROYAL AUTOMATIVE SUPPLIES LTD,,,False,,,Samuel Muchemi,ROYAL AUTOMATIVE SUPPLIES LTD,2022-09-28T18:18:04,2022-09-28T18:18:04
ROYAL METAL WORKS,,,,,False,,,Mary Wangeci,ROYAL METAL WORKS,2023-08-02T10:05:51,2023-08-02T10:05:51
ROYSAMBU SERVICE STATION,,ROYSAMBU SERVICE STATION,,,False,,,Samuel Muchemi,ROYSAMBU SERVICE STATION,2022-09-28T18:18:04,2022-09-28T18:18:04
R & R Plastic Ltd.,,R & R Plastic Ltd.,,"0703441729,",False,,,Samuel Muchemi,R & R Plastic Ltd.,2022-09-28T18:18:03,2022-09-28T18:18:03
RUBIS FEDHA SERVICE STATION,,,,,False,,,Mary Wangeci,RUBIS FEDHA SERVICE STATION,2024-01-12T08:39:43,2024-01-12T08:39:43
RUBIS KIMANA P052089676V,,,,,False,,,Mary Wangeci,RUBIS KIMANA P052089676V,2024-09-02T12:14:24,2024-09-02T12:14:24
RUBIS KUTUS A002328961B,,,,,False,,,Mary Wangeci,RUBIS KUTUS A002328961B,2023-11-16T12:47:55,2023-11-16T12:47:55
RUBIS LIKONI ROAD P051193989Z,,,,,False,,,Mary Wangeci,RUBIS LIKONI ROAD P051193989Z,2023-12-11T09:57:44,2023-12-11T09:57:44
RUIRU HARDWARE SHOP,,RUIRU HARDWARE SHOP,,,False,,,Samuel Muchemi,RUIRU HARDWARE SHOP,2022-09-28T18:18:04,2022-09-28T18:18:04
RUNYENJES TOTAL ENERGIES A003192281L,,,,,False,,,Mary Wangeci,RUNYENJES TOTAL ENERGIES A003192281L,2024-12-10T15:54:29,2024-12-10T15:54:29
Rushab Petroleum P051214658D,,Rushab Petroleum P051214658D,,,False,,,Samuel Muchemi,Rushab Petroleum P051214658D,2022-09-28T18:18:04,2022-09-28T18:18:04
SAFARICOM,,SAFARICOM,,,False,,,Samuel Muchemi,SAFARICOM,2022-09-28T18:18:04,2022-09-28T18:18:04
SAFARIMAX INVESTMENTS LTD P051861990Q,,,,,False,,,Mary Wangeci,SAFARIMAX INVESTMENTS LTD P051861990Q,2023-08-22T14:52:31,2023-08-22T14:52:31
SAFEZONE AUTO PARTS LTD,,SAFEZONE AUTO PARTS LTD,,,False,,,Mary Wangeci,SAFEZONE AUTO PARTS LTD,2025-08-07T09:10:47,2025-08-07T09:10:47
Sahlan Three Limited P051925736R,,Sahlan Three Limited P051925736R,,,False,,,Samuel Muchemi,Sahlan Three Limited P051925736R,2022-09-28T18:18:04,2022-09-28T18:18:04
SAHLAN THREE LTD P051925736R,,SAHLAN THREE LTD P051925736R,,,False,,,Samuel Muchemi,SAHLAN THREE LTD P051925736R,2022-09-28T18:18:04,2022-09-28T18:18:04
Sai Raj,,Sai  Raj,,,False,,,Samuel Muchemi,Sai Raj,2022-09-28T18:18:04,2022-09-28T18:18:04
Salaries,,Salaries,,,False,,,Samuel Muchemi,Salaries,2022-09-28T18:18:04,2022-12-09T09:31:13
Salma General P051744479U,,Salma General P051744479U,,,False,,,Samuel Muchemi,Salma General P051744479U,2022-09-28T18:18:04,2022-09-28T18:18:04
Sambete Enterprises Ltd,,Sambete Enterprises Ltd,,,False,,,Samuel Muchemi,Sambete Enterprises Ltd,2022-09-28T18:18:04,2022-09-28T18:18:04
SAMCO HARDWARE LTD,,SAMCO HARDWARE LTD,,,False,,,Mary Wangeci,SAMCO HARDWARE LTD,2025-06-05T11:24:37,2025-06-05T11:24:37
Samia Supplies Ltd P051146341T,,Samia Supplies Ltd P051146341T,,,False,,,Samuel Muchemi,Samia Supplies Ltd P051146341T,2022-09-28T18:18:05,2022-09-28T18:18:05
SAM & RAY ENTERPRISE,,SAM & RAY ENTERPRISE,,,False,,,Mary Wangeci,SAM & RAY ENTERPRISE,2025-08-06T15:08:29,2025-08-06T15:08:29
SAM SMALL AUTO HARDWARE LTD,,SAM SMALL AUTO HARDWARE LTD,,,False,,,Mary Wangeci,SAM SMALL AUTO HARDWARE LTD,2025-07-01T09:44:15,2025-07-01T09:44:15
SAMSONET ENTERPRISES,,SAMSONET ENTERPRISES,,,False,,,Mary Wangeci,SAMSONET ENTERPRISES,2023-05-09T10:02:10,2023-05-09T10:02:10
SAMUEL GATHUA,,,,,False,,,Mary Wangeci,SAMUEL GATHUA,2023-08-04T14:41:57,2023-08-04T14:41:57
Samwel  Njuguna,,Samwel  Njuguna,,,False,,,Samuel Muchemi,Samwel  Njuguna,2022-09-28T18:18:05,2022-09-28T18:18:05
SANFORD & DAUGHTERS,,SANFORD & DAUGHTERS,,,False,,,Mary Wangeci,SANFORD & DAUGHTERS,2025-03-10T10:24:34,2025-03-10T10:24:34
Sanvis auto clinic & accessories,,,,,False,,,Mary Wangeci,Sanvis auto clinic & accessories,2023-07-14T09:04:07,2023-07-14T09:04:07
Sasa Host P051335172E,,Sasa Host P051335172E,,,False,,,Samuel Muchemi,Sasa Host P051335172E,2022-09-28T18:18:05,2022-09-28T18:18:05
SASEDA ENTERPRISES,,SASEDA  ENTERPRISES,,,False,,,Mary Wangeci,SASEDA ENTERPRISES,2025-09-05T12:21:11,2025-09-05T12:21:11
SASINI,,,,,False,,,Mary Wangeci,SASINI,2024-12-10T15:22:31,2024-12-10T15:22:31
SAWILTECH INDUSTRIAL APPLIANCES,,SAWILTECH INDUSTRIAL APPLIANCES,,,False,,,Samuel Muchemi,SAWILTECH INDUSTRIAL APPLIANCES,2022-09-28T18:18:05,2022-09-28T18:18:05
Scanda Auto Garage,,Scanda Auto Garage,,,False,,,Samuel Muchemi,Scanda Auto Garage,2022-09-28T18:18:05,2022-09-28T18:18:05
Scentry Biologicals Inc,,Scentry Biologicals Inc,,(406) 245-3016,False,,,Samuel Muchemi,Scentry Biologicals Inc,2022-09-28T18:18:05,2022-09-28T18:18:05
Scharnhost Investment Ltd P051586178X,,Scharnhost Investment Ltd P051586178X,,,False,,,Samuel Muchemi,Scharnhost Investment Ltd P051586178X,2022-09-28T18:18:05,2022-09-28T18:18:05
SCIENCE LAB LTD,,SCIENCE LAB LTD,,,False,,,Samuel Muchemi,SCIENCE LAB LTD,2022-09-28T18:18:05,2022-09-28T18:18:05
Scott Trading Windshield P051910283I,,Scott Trading Windshield P051910283I,,,False,,,Samuel Muchemi,Scott Trading Windshield P051910283I,2022-09-28T18:18:05,2022-09-28T18:18:05
SECURITY SYSTEMS,,SECURITY SYSTEMS,,,False,,,Mary Wangeci,SECURITY SYSTEMS,2023-01-31T15:09:34,2023-01-31T15:09:34
SELECT HARDWARE LTD P051807725Z,,,,,False,,,Mary Wangeci,SELECT HARDWARE LTD P051807725Z,2023-09-07T16:32:11,2023-09-07T16:32:11
September Art Communication,,September Art Communication,,0753924944/072429011,False,,,Samuel Muchemi,September Art Communication,2022-09-28T18:18:05,2022-09-28T18:18:05
Servco petroleum P051361566A,,Servco petroleum P051361566A,,,False,,,Samuel Muchemi,Servco petroleum P051361566A,2022-09-28T18:18:05,2022-09-28T18:18:05
SHA,,SHA,,,False,,,Mary Wangeci,SHA,2025-03-07T09:35:56,2025-03-07T09:35:56
shamas motors ltd,,shamas motors ltd,,,False,,,Samuel Muchemi,shamas motors ltd,2022-09-28T18:18:05,2022-09-28T18:18:05
SHAMMAS MOTOR PARTS,,SHAMMAS MOTOR PARTS,,,False,,,Samuel Muchemi,SHAMMAS MOTOR PARTS,2022-09-28T18:18:05,2022-09-28T18:18:05
SHELL APTC SERVICE STATION LTD P051588124L,,,,,False,,,Mary Wangeci,SHELL APTC SERVICE STATION LTD P051588124L,2023-09-04T15:06:42,2023-09-04T15:06:42
SHELL APTC SEVICE STATION P051588124L,,SHELL APTC SEVICE STATION P051588124L,,,False,,,Mary Wangeci,SHELL APTC SEVICE STATION P051588124L,2022-12-02T10:18:22,2022-12-02T10:18:22
SHELL AUTO SOLUTION P051437190M,,,,,False,,,Mary Wangeci,SHELL AUTO SOLUTION P051437190M,2024-09-02T12:18:45,2024-09-02T12:18:45
SHELL BUSIA ROAD,,SHELL BUSIA ROAD,,,False,,,Samuel Muchemi,SHELL BUSIA ROAD,2022-09-28T18:18:05,2022-09-28T18:18:05
SHELL CLAY CITY P051809768F,,SHELL CLAY CITY P051809768F,,,False,,,Mary Wangeci,SHELL CLAY CITY P051809768F,2023-03-03T10:04:59,2023-03-03T10:04:59
SHELL DIGITAL CITY P051159718C,,SHELL DIGITAL CITY P051159718C,,,False,,,Mary Wangeci,SHELL DIGITAL CITY P051159718C,2023-02-13T15:11:22,2023-02-13T15:11:22
SHELL EMBAKASI P051966954D,,SHELL EMBAKASI P051966954D,,,False,,,Mary Wangeci,SHELL EMBAKASI P051966954D,2023-01-31T14:42:36,2023-01-31T14:42:36
SHELL FANAKA,,SHELL  FANAKA,,,False,,,Samuel Muchemi,SHELL FANAKA,2022-09-28T18:18:05,2022-09-28T18:18:05
SHELL FANAKA P051302336P,,,,,False,,,Mary Wangeci,SHELL FANAKA P051302336P,2024-11-06T09:28:47,2024-11-06T09:28:47
Shell Fedha P051188746K,,Shell Fedha P051188746K,,,False,,,Samuel Muchemi,Shell Fedha P051188746K,2022-09-28T18:18:06,2022-09-28T18:18:06
SHELL HIGHPOINT P051717450N,,,,,False,,,Mary Wangeci,SHELL HIGHPOINT P051717450N,2024-06-03T15:15:20,2024-06-03T15:15:20
Shell JubileeP051186400P,,Shell  JubileeP051186400P,,,False,,,Samuel Muchemi,Shell JubileeP051186400P,2022-09-28T18:18:06,2022-09-28T18:18:06
SHELL JUJA P051717450N,,SHELL JUJA P051717450N,,,False,,,Samuel Muchemi,SHELL JUJA P051717450N,2022-09-28T18:18:06,2022-09-28T18:18:06
Shell Kagundo Road,,Shell Kagundo Road,,,False,,,Samuel Muchemi,Shell Kagundo Road,2022-09-28T18:18:06,2022-09-28T18:18:06
Shell Kagundo Road P051302336P,,Shell Kagundo Road P051302336P,,,False,,,Mary Wangeci,Shell Kagundo Road P051302336P,2023-03-29T16:00:00,2023-03-29T16:00:00
SHELL KAHAWA AVENUE P051966954D,,SHELL KAHAWA AVENUE P051966954D,,,False,,,Mary Wangeci,SHELL KAHAWA AVENUE P051966954D,2023-03-29T15:49:56,2023-03-29T15:49:56
Shell kamakis,,,,,False,,,Mary Wangeci,Shell kamakis,2025-02-05T10:04:04,2025-02-05T10:04:04
SHELL KARIOKOR P051463209V,,SHELL KARIOKOR P051463209V,,,False,,,Mary Wangeci,SHELL KARIOKOR P051463209V,2023-03-29T15:53:14,2023-03-29T15:53:14
SHELL KASARANI,,SHELL  KASARANI,,,False,,,Samuel Muchemi,SHELL KASARANI,2022-09-28T18:18:06,2022-09-28T18:18:06
SHELL KAYOLE,,SHELL  KAYOLE,,,False,,,Samuel Muchemi,SHELL KAYOLE,2022-09-28T18:18:06,2022-09-28T18:18:06
SHELL KINAMBA P052138442Z,,,,,False,,,Mary Wangeci,SHELL KINAMBA P052138442Z,2023-10-31T08:29:10,2023-10-31T08:29:10
SHELL KITHIMANI P051698808V,,,,,False,,,Mary Wangeci,SHELL KITHIMANI P051698808V,2023-08-07T13:06:51,2023-08-07T13:06:51
SHELL KITUI,,SHELL  KITUI,,,False,,,Samuel Muchemi,SHELL KITUI,2022-09-28T18:18:06,2022-09-28T18:18:06
SHELL LIKONI P051437190M,,,,,False,,,Mary Wangeci,SHELL LIKONI P051437190M,2023-08-14T12:21:12,2023-08-14T12:21:12
SHELL LIMURU ROAD,,SHELL LIMURU ROAD,,,False,,,Samuel Muchemi,SHELL LIMURU ROAD,2022-09-28T18:18:06,2022-09-28T18:18:06
Shell Machakos Service Station,,Shell Machakos Service Station,,,False,,,Samuel Muchemi,Shell Machakos Service Station,2022-09-28T18:18:06,2022-09-28T18:18:06
SHELL MAI MAHIU,,SHELL MAI MAHIU,,,False,,,Samuel Muchemi,SHELL MAI MAHIU,2022-09-28T18:18:06,2022-09-28T18:18:06
SHELL MAKUYU P051993433M,,,,,False,,,Mary Wangeci,SHELL MAKUYU P051993433M,2023-09-28T13:15:35,2023-09-28T13:15:35
SHELL MATUU P051993433M,,SHELL MATUU P051993433M,,,False,,,Mary Wangeci,SHELL MATUU P051993433M,2023-02-13T14:30:40,2023-02-13T14:30:40
SHELL MBOTELA,,SHELL  MBOTELA,,,False,,,Samuel Muchemi,SHELL MBOTELA,2022-09-28T18:18:06,2022-09-28T18:18:06
SHELL MBOTELA P051723797W,,,,,False,,,Mary Wangeci,SHELL MBOTELA P051723797W,2023-10-31T08:18:07,2023-10-31T08:18:07
SHELL MIGORI,,SHELL  MIGORI,,,False,,,Samuel Muchemi,SHELL MIGORI,2022-09-28T18:18:06,2022-09-28T18:18:06
SHELL MUMIAS ROAD,,SHELL MUMIAS ROAD,,,False,,,Samuel Muchemi,SHELL MUMIAS ROAD,2022-09-28T18:18:06,2022-09-28T18:18:06
SHELL MUTITUNI P051561480D,,SHELL  MUTITUNI,,,False,,,Mary Wangeci,SHELL MUTITUNI P051561480D,2025-12-23T14:35:57,2025-12-23T14:35:57
SHELL NAIVASHA P051154804Z,,SHELL  NAIVASHA,,,False,,,Mary Wangeci,SHELL NAIVASHA P051154804Z,2022-09-28T18:18:06,2023-07-03T14:41:02
shell nakuru  P051154804Z,,shell nakuru  P051154804Z,,,False,,,Mary Wangeci,shell nakuru  P051154804Z,2022-12-02T09:54:08,2022-12-02T09:54:08
Shell North View,,Shell North View,,,False,,,Samuel Muchemi,Shell North View,2022-09-28T18:18:06,2022-09-28T18:18:06
Shell North View P051910394M,,Shell North View P051910394M,,,False,,,Mary Wangeci,Shell North View P051910394M,2023-02-17T11:43:58,2023-02-17T11:43:58
shell oslo service station A005892151Z,,shell oslo service station A005892151Z,,,False,,,Samuel Muchemi,shell oslo service station A005892151Z,2022-09-28T18:18:06,2022-09-28T18:18:06
SHELL RIRONI SERVICE STATION P051816666X,,SHELL RIRONI SERVICE STATION P051816666X,,,False,,,Mary Wangeci,SHELL RIRONI SERVICE STATION P051816666X,2023-06-06T15:12:29,2023-06-06T15:12:29
SHELL ROYSAMBU P051715669W,,SHELL ROYSAMBU P051715669W,,,False,,,Mary Wangeci,SHELL ROYSAMBU P051715669W,2023-02-13T15:18:53,2023-02-13T15:18:53
SHELL RUAI A002099927A,,SHELL RUAI A002099927A,,,False,,,Mary Wangeci,SHELL RUAI A002099927A,2022-12-19T16:27:56,2022-12-19T16:27:56
shell sagana P051145957H,,,,,False,,,Mary Wangeci,shell sagana P051145957H,2025-02-05T12:25:31,2025-02-05T12:25:31
shell saika,,shell  saika,,,False,,,Samuel Muchemi,shell saika,2022-09-28T18:18:07,2022-09-28T18:18:07
Shell Service Station Awendo,,Shell Service Station Awendo,,,False,,,Samuel Muchemi,Shell Service Station Awendo,2022-09-28T18:18:07,2022-09-28T18:18:07
Shell Service Station Migori P051537316D,,Shell Service Station Migori P051537316D,,,False,,,Samuel Muchemi,Shell Service Station Migori P051537316D,2022-09-28T18:18:07,2022-09-28T18:18:07
SHELL SPURMALL  P051970003U,,SHELL SPURMALL  P051970003U,,,False,,,Mary Wangeci,SHELL SPURMALL  P051970003U,2023-01-31T14:44:02,2023-01-31T14:44:02
SHELL STATION KAGUNDO ROAD P051925736R,,,,,False,,,Mary Wangeci,SHELL STATION KAGUNDO ROAD P051925736R,2023-08-22T15:33:20,2023-08-22T15:33:20
SHELL SUKARI SERVICE STATION P051966954D,,SHELL SUKARI SERVICE STATION P051966954D,,,False,,,Mary Wangeci,SHELL SUKARI SERVICE STATION P051966954D,2023-04-28T11:57:36,2023-04-28T11:57:36
SHELL SUNTON,,SHELL  SUNTON,,,False,,,Samuel Muchemi,SHELL SUNTON,2022-09-28T18:18:07,2022-09-28T18:18:07
SHELL SUNTON P051361566A,,SHELL SUNTON P051361566A,,,False,,,Mary Wangeci,SHELL SUNTON P051361566A,2023-02-13T14:36:27,2023-02-13T14:36:27
SHELL TECO,,SHELL  TECO,,,False,,,Samuel Muchemi,SHELL TECO,2022-09-28T18:18:07,2022-09-28T18:18:07
SHELL TECO SERVICE STATION P0514646896E,,,,,False,,,Mary Wangeci,SHELL TECO SERVICE STATION P0514646896E,2024-07-01T12:08:35,2024-07-01T12:08:35
Shell Thika Commercial Service Station,,Shell Thika Commercial Service Station,,,False,,,Samuel Muchemi,Shell Thika Commercial Service Station,2022-09-28T18:18:07,2022-09-28T18:18:07
SHELL THIKA GREENS P051847925U,,SHELL THIKA GREENS P051847925U,,,False,,,Mary Wangeci,SHELL THIKA GREENS P051847925U,2023-02-13T15:09:21,2023-02-13T15:09:21
SHELL THIKA P051229419C,,SHELL THIKA P051229419C,,,False,,,Mary Wangeci,SHELL THIKA P051229419C,2023-03-29T16:01:06,2023-03-29T16:01:06
shell  Thome Service Station P051463209V,,shell  Thome Service Station P051463209V,,,False,,,Mary Wangeci,shell  Thome Service Station P051463209V,2022-11-03T12:34:31,2022-11-03T12:34:31
SHELL UMOJA,,SHELL  UMOJA,,,False,,,Samuel Muchemi,SHELL UMOJA,2022-09-28T18:18:07,2022-09-28T18:18:07
SHELL UMOJA P051925736R,,SHELL UMOJA P051925736R,,,False,,,Mary Wangeci,SHELL UMOJA P051925736R,2022-12-20T11:28:31,2022-12-20T11:28:31
Shell Windsor,,Shell  Windsor,,,False,,,Samuel Muchemi,Shell Windsor,2022-09-28T18:18:07,2022-09-28T18:18:07
SHELL WINDSOR P051613883Z,,SHELL WINDSOR P051613883Z,,,False,,,Mary Wangeci,SHELL WINDSOR P051613883Z,2023-05-31T10:29:05,2023-05-31T10:29:05
SHEREHE RESTAURANT,,,,,False,,,Mary Wangeci,SHEREHE RESTAURANT,2024-01-12T09:17:19,2024-01-12T09:17:19
shijiazhuang,,shijiazhuang,,,False,,,Samuel Muchemi,shijiazhuang,2022-09-28T18:18:07,2022-09-28T18:18:07
Shiram Electricals,,Shiram  Electricals,,,False,,,Samuel Muchemi,Shiram Electricals,2022-09-28T18:18:07,2022-09-28T18:18:07
Shreeji service station,,Shreeji service station,,,False,,,Samuel Muchemi,Shreeji service station,2022-09-28T18:18:07,2022-09-28T18:18:07
SIGMA INTERNATIONAL MEDIA,,,,,False,,,Mary Wangeci,SIGMA INTERNATIONAL MEDIA,2024-05-31T10:20:22,2024-05-31T10:20:22
Sigona Service Station,,Sigona Service Station,,,False,,,Samuel Muchemi,Sigona Service Station,2022-09-28T18:18:07,2022-09-28T18:18:07
SILAS LUKORITO,,,,,False,,,Mary Wangeci,SILAS LUKORITO,2023-10-03T10:50:04,2023-10-03T10:50:04
SILVER RANO MOTORS P051173144P,,SILVER RANO MOTORS P051173144P,,,False,,,Mary Wangeci,SILVER RANO MOTORS P051173144P,2023-01-31T14:49:23,2023-01-31T14:49:23
S.K.METAL WORKSHOP,,S.K.METAL WORKSHOP,,,False,,,Mary Wangeci,S.K.METAL WORKSHOP,2023-02-13T15:20:45,2023-02-13T15:20:45
SMART FILL INNOVATIONS,,,,,False,,,Mary Wangeci,SMART FILL INNOVATIONS,2023-10-31T10:19:20,2023-10-31T10:19:20
SMART GLASS & GENERAL HARDWARE,,,,,False,,,Mary Wangeci,SMART GLASS & GENERAL HARDWARE,2025-02-05T12:31:11,2025-02-05T12:31:11
SMARTLINK SUPPLIES LTD P051545948R,,SMARTLINK SUPPLIES LTD P051545948R,,,False,,,Mary Wangeci,SMARTLINK SUPPLIES LTD P051545948R,2023-06-12T15:21:45,2023-06-12T15:21:45
smart Point Auto spares,,smart Point Auto spares,,,False,,,Samuel Muchemi,smart Point Auto spares,2022-09-28T18:18:07,2022-09-28T18:18:07
Smart Press Media,smartpressmedia.ke@gmail.com,,"Nature house, Tom Mboya street",,False,,,Sheila Maina,Smart Press Media,2024-04-23T09:13:56,2024-04-23T09:13:56
SOLAI AUTO FIT & CAR PAINT,,,,,False,,,Mary Wangeci,SOLAI AUTO FIT & CAR PAINT,2023-08-02T11:07:58,2023-08-02T11:07:58
Sortech Enterprises,,Sortech  Enterprises,,,False,,,Samuel Muchemi,Sortech Enterprises,2022-09-28T18:18:07,2022-09-28T18:18:07
SOUTHERN CHOMA JOINT BUTCHERY,,,,,False,,,Mary Wangeci,SOUTHERN CHOMA JOINT BUTCHERY,2023-09-07T10:38:01,2023-09-07T10:38:01
SPALIM COMPANY LIMITED P051842426E,,,,,False,,,Mary Wangeci,SPALIM COMPANY LIMITED P051842426E,2024-07-30T12:03:25,2024-07-30T12:03:25
SPARKS MOTOR SPARES,,SPARKS MOTOR SPARES,,,False,,,Mary Wangeci,SPARKS MOTOR SPARES,2023-05-24T11:39:32,2023-05-24T11:39:32
SPECIALISED TECHNOLOGIES P051239256L,,SPECIALISED  TECHNOLOGIES,,,False,,,Mary Wangeci,SPECIALISED TECHNOLOGIES P051239256L,2022-09-28T18:18:07,2023-07-03T13:10:17
SPEEDLINE,,SPEEDLINE,,,False,,,Samuel Muchemi,SPEEDLINE,2022-09-28T18:18:08,2022-09-28T18:18:08
SPIKES AUTOSPARES,,SPIKES  AUTOSPARES,,,False,,,Samuel Muchemi,SPIKES AUTOSPARES,2022-09-28T18:18:08,2022-09-28T18:18:08
SPORT MOTORS AUTOSPARES,,,,,False,,,Mary Wangeci,SPORT MOTORS AUTOSPARES,2024-09-03T10:20:22,2024-09-03T10:20:22
SPORTS MOTOR AUTOSPARES,,SPORTS MOTOR AUTOSPARES,,,False,,,Mary Wangeci,SPORTS MOTOR AUTOSPARES,2023-05-09T10:25:41,2023-05-09T10:25:41
sSTEPHEN GANGLA,,sSTEPHEN  GANGLA,,,False,,,Samuel Muchemi,sSTEPHEN GANGLA,2022-09-28T18:18:08,2022-09-28T18:18:08
Stamet Products (K) Ltd P051143804L,,Stamet Products (K) Ltd P051143804L,,0733607899,False,,13124.0,Samuel Muchemi,Stamet Products (K) Ltd P051143804L,2022-09-28T18:18:08,2023-04-04T09:01:48
Standard Electrical Sales & Services,,Standard Electrical Sales & Services,,,False,,,Mary Wangeci,Standard Electrical Sales & Services,2023-01-31T15:24:14,2023-01-31T15:24:14
Standard Hardware & tools,,Standard Hardware & tools,,,False,,,Samuel Muchemi,Standard Hardware & tools,2022-09-28T18:18:08,2022-09-28T18:18:08
Star Dave Energy Ltd P051725242C,,Star Dave Energy Ltd P051725242C,,,False,,,Samuel Muchemi,Star Dave Energy Ltd P051725242C,2022-09-28T18:18:08,2022-09-28T18:18:08
STAR FUEL POINT,,,,,False,,,Mary Wangeci,STAR FUEL POINT,2024-04-03T15:28:16,2024-04-03T15:28:16
Statcpack Industries Ltd P000601853N,,Statcpack Industries Ltd P000601853N,,,False,,,Samuel Muchemi,Statcpack Industries Ltd P000601853N,2022-09-28T18:18:08,2022-09-28T18:18:08
statpack industries,,statpack  industries,,,False,,-65238.0,Sheila Maina,statpack industries,2022-10-03T11:46:09,2024-01-11T10:20:15
statpack industries P000601853N,,,,,False,,,Mary Wangeci,statpack industries P000601853N,2024-02-06T11:00:01,2024-02-06T11:00:01
ST CUTHBERT ACCESSORIZE,,,,,False,,,Mary Wangeci,ST CUTHBERT ACCESSORIZE,2023-11-01T14:43:27,2023-11-01T14:43:27
STEPHA ENTERPRISE LTD P051745906L,,STEPHA ENTERPRISE LTD P051745906L,,,False,,,Mary Wangeci,STEPHA ENTERPRISE LTD P051745906L,2025-06-05T11:16:11,2025-06-05T11:16:11
STEPHEN-BEAUTYLINE,,,,,False,,,Mary Wangeci,STEPHEN-BEAUTYLINE,2024-07-02T09:19:40,2024-07-02T09:19:40
STEPHEN GANGLA,,STEPHEN  GANGLA,,,False,,,Samuel Muchemi,STEPHEN GANGLA,2022-09-28T18:18:08,2022-09-28T18:18:08
STEPHEN MAANZONI,,,,,False,,,Mary Wangeci,STEPHEN MAANZONI,2023-09-29T14:58:20,2023-09-29T14:58:20
STEP IN NJIRU TIMBER & HARDWARE,,STEP IN NJIRU TIMBER & HARDWARE,,,False,,,Mary Wangeci,STEP IN NJIRU TIMBER & HARDWARE,2023-05-11T12:41:03,2023-05-11T12:41:03
STEVE AUTO PARTS,,STEVE AUTO PARTS,,,False,,,Mary Wangeci,STEVE AUTO PARTS,2025-09-05T10:25:42,2025-09-05T10:25:42
STEVE.O,,STEVE.O,,,False,,,Mary Wangeci,STEVE.O,2023-02-07T15:34:59,2023-02-07T15:34:59
STIMA SACCO,,STIMA SACCO,,,False,,,Mary Wangeci,STIMA SACCO,2023-04-04T11:07:29,2023-04-04T11:07:29
STRAIGHTWAY INSURANCE AGENCY,,STRAIGHTWAY INSURANCE AGENCY,,,False,,,Mary Wangeci,STRAIGHTWAY INSURANCE AGENCY,2025-09-05T10:00:28,2025-09-05T10:00:28
STRAIGTWAY INSURANCE AGENCY LIMITED,,,,,False,,,Mary Wangeci,STRAIGTWAY INSURANCE AGENCY LIMITED,2024-09-03T10:22:53,2024-09-03T10:22:53
Success Energy,,Success  Energy,,,False,,,Samuel Muchemi,Success Energy,2022-09-28T18:18:08,2022-09-28T18:18:08
SUCCESS ENERGY LTD P051723797W,,,,,False,,,Mary Wangeci,SUCCESS ENERGY LTD P051723797W,2024-07-30T11:40:33,2024-07-30T11:40:33
Sunmed Pharmacy,,Sunmed  Pharmacy,,,False,,,Samuel Muchemi,Sunmed Pharmacy,2022-09-28T18:18:08,2022-09-28T18:18:08
Sunny Godown,,Sunny  Godown,,,False,,,Samuel Muchemi,Sunny Godown,2022-09-28T18:18:08,2022-09-28T18:18:08
Sunny Plastics,,Sunny  Plastics,,,False,,,Samuel Muchemi,Sunny Plastics,2022-09-28T18:18:08,2022-09-28T18:18:08
SUNSHADE PACKAGING LTD,,SUNSHADE PACKAGING LTD,,,False,,,Mary Wangeci,SUNSHADE PACKAGING LTD,2023-05-03T09:37:24,2023-05-03T09:37:24
SUPERIOR LIGHTS,,SUPERIOR  LIGHTS,,,False,,,Mary Wangeci,SUPERIOR LIGHTS,2025-07-01T09:31:43,2025-07-01T09:31:43
SUPREME AUTO SPARES,,SUPREME AUTO SPARES,,,False,,,Samuel Muchemi,SUPREME AUTO SPARES,2022-09-28T18:18:08,2022-09-28T18:18:08
Supreme Motorbike Dealers,,Supreme Motorbike Dealers,,,False,,,Samuel Muchemi,Supreme Motorbike Dealers,2022-09-28T18:18:08,2022-09-28T18:18:08
Surma Auto,,Surma  Auto,,,False,,,Samuel Muchemi,Surma Auto,2022-09-28T18:18:08,2022-09-28T18:18:08
Surma Auto Spares,,Surma Auto Spares,,,False,,,Samuel Muchemi,Surma Auto Spares,2022-09-28T18:18:08,2022-09-28T18:18:08
SWFT CURRENT ENT.,,SWFT CURRENT ENT.,,,False,,,Samuel Muchemi,SWFT CURRENT ENT.,2022-09-28T18:18:09,2022-09-28T18:18:09
Swift Electricals,,Swift Electricals,,,False,,,Mary Wangeci,Swift Electricals,2023-01-31T15:28:27,2023-01-31T15:28:27
TALAI FILLING STATION,,TALAI FILLING STATION,,,False,,,Mary Wangeci,TALAI FILLING STATION,2023-05-16T11:17:59,2023-05-16T11:17:59
Tala Service Station P051303998N,,,,,False,,,Mary Wangeci,Tala Service Station P051303998N,2024-01-12T08:27:00,2024-01-12T08:27:00
TASS ENTERPRISES LTD P051186400P,,,,,False,,,Mary Wangeci,TASS ENTERPRISES LTD P051186400P,2024-07-30T12:05:28,2024-07-30T12:05:28
TAVINS ENTERTAINMENT,,TAVINS ENTERTAINMENT,,,False,,,Mary Wangeci,TAVINS ENTERTAINMENT,2022-12-02T10:22:23,2022-12-02T10:22:23
Tax Agency (Sales Taxes),,Tax Agency (Sales Taxes),,,False,,,Samuel Muchemi,Tax Agency (Sales Taxes),2022-09-28T18:18:09,2022-09-28T18:18:09
TAXI AND CAB SERVICES,,TAXI AND CAB SERVICES,,,False,,,Samuel Muchemi,TAXI AND CAB SERVICES,2022-09-28T18:18:09,2022-09-28T18:18:09
TECHPITCH,,,,,False,,,Mary Wangeci,TECHPITCH,2024-07-04T11:02:07,2024-07-04T11:02:07
Techplus Media House,,Techplus Media House,,,False,,,Mary Wangeci,Techplus Media House,2025-06-30T10:22:43,2025-06-30T10:22:43
TEEMAL AUTO LTD KASARANI P051987021N,,,,,False,,,Mary Wangeci,TEEMAL AUTO LTD KASARANI P051987021N,2023-08-31T14:26:02,2023-08-31T14:26:02
Temple Road Service Station A009196449B,,Temple Road Service Station A009196449B,,,False,,,Samuel Muchemi,Temple Road Service Station A009196449B,2022-09-28T18:18:09,2022-09-28T18:18:09
TESLEKA MOTOCYCLES SPARES,,TESLEKA MOTOCYCLES SPARES,,,False,,,Mary Wangeci,TESLEKA MOTOCYCLES SPARES,2023-03-29T11:32:11,2023-03-29T11:32:11
TESSARA CAR WASH,,TESSARA CAR WASH,,,False,,,Mary Wangeci,TESSARA CAR WASH,2025-07-01T15:36:39,2025-07-01T15:36:39
TESTAPRIN GENERAL SUPPLIES,,TESTAPRIN GENERAL SUPPLIES,,,False,,,Samuel Muchemi,TESTAPRIN GENERAL SUPPLIES,2022-09-28T18:18:09,2025-06-19T10:10:57
Testarprin General Supplies,,,,,False,,,Sheila Maina,Testarprin General Supplies,2023-09-19T16:18:43,2023-09-19T16:18:43
THAURA AUTO SERVICE,,,,,False,,,Mary Wangeci,THAURA AUTO SERVICE,2024-03-08T10:54:23,2024-03-08T10:54:23
THE ANIMAL CLINIC OF NIROBI,,THE ANIMAL CLINIC OF NIROBI,,,False,,,Mary Wangeci,THE ANIMAL CLINIC OF NIROBI,2023-01-31T15:06:24,2023-01-31T15:06:24
THE BIG THIRST STORES,,THE BIG THIRST STORES,,,False,,,Mary Wangeci,THE BIG THIRST STORES,2025-07-01T09:38:24,2025-07-01T09:38:24
The Exciting A001716091C,,,,,False,,,Mary Wangeci,The Exciting A001716091C,2023-07-14T09:01:00,2023-07-14T09:01:00
THE JKO'S AUTOMOTIVE,,THE JKO'S AUTOMOTIVE,,,False,,,Mary Wangeci,THE JKO'S AUTOMOTIVE,2025-04-07T13:27:00,2025-04-07T13:27:00
THE RAY OF HOPE INVESTMENT,,,,,False,,,Mary Wangeci,THE RAY OF HOPE INVESTMENT,2023-09-28T08:46:52,2023-09-28T08:46:52
The Real IPM Company (K) Ltd,office@realipm.com,The Real IPM Co. Ltd,,+254 725 80 60 86,False,,-396000.0,Sheila Maina,The Real IPM Company (K) Ltd,2022-09-28T18:18:09,2026-06-12T10:25:45
Thermopack Ltd,sales@thermopakkenya.com,Thermopack  Ltd,"Funzi Road, Industrial Area Nairobi Kenya P.O. BOX 18896-00500 Kenya",0722207787,False,P051132574V,-14616.0,Sheila Maina,Thermopack Ltd,2022-11-17T16:16:40,2025-12-10T10:43:32
Thermopak Ltd P051132574V,,Thermopak Ltd P051132574V,,,False,,-65723.28,Mary Wangeci,Thermopak Ltd P051132574V,2023-01-13T11:46:41,2026-07-21T10:30:26
Thika Greens Service Station P051847925U,,Thika Greens Service Station P051847925U,,,False,,,Mary Wangeci,Thika Greens Service Station P051847925U,2022-11-03T08:25:42,2022-11-03T08:25:42
THIKA TOTALENERGIES A001840008G,,,,,False,,,Mary Wangeci,THIKA TOTALENERGIES A001840008G,2024-04-03T15:17:47,2024-04-03T15:17:47
Thika View StationP051606002U,,Thika View StationP051606002U,,,False,,,Samuel Muchemi,Thika View StationP051606002U,2022-09-28T18:18:09,2022-09-28T18:18:09
THIKA WAX,,THIKA  WAX,,,False,,,Mary Wangeci,THIKA WAX,2025-09-04T15:42:03,2025-09-04T15:42:03
THOMAS NZIKOI,,THOMAS NZIKOI,,,False,,,Mary Wangeci,THOMAS NZIKOI,2023-03-03T09:52:18,2023-03-03T09:52:18
THOMAS WAWERU,,THOMAS  WAWERU,,,False,,,Samuel Muchemi,THOMAS WAWERU,2022-09-28T18:18:09,2022-09-28T18:18:09
THOME SERVICE STATION,,THOME SERVICE STATION,,,False,,,Samuel Muchemi,THOME SERVICE STATION,2022-09-28T18:18:09,2022-09-28T18:18:09
TIMONA NGANDA,,TIMONA  NGANDA,,,False,,,Samuel Muchemi,TIMONA NGANDA,2022-09-28T18:18:09,2022-09-28T18:18:09
TINAP ENTERPRISES,,TINAP  ENTERPRISES,,,False,,,Samuel Muchemi,TINAP ENTERPRISES,2022-09-28T18:18:09,2022-09-28T18:18:09
TOLUBA ENERGY P052054544V,,TOLUBA ENERGY P052054544V,,,False,,,Mary Wangeci,TOLUBA ENERGY P052054544V,2023-02-28T12:47:34,2023-02-28T12:47:34
Topmax Auto Care,,Topmax Auto Care,,,False,,,Samuel Muchemi,Topmax Auto Care,2022-09-28T18:18:09,2022-09-28T18:18:09
TOROR SERVICE STATION ELDORET P000639961M,,TOROR SERVICE STATION ELDORET P000639961M,,,False,,,Mary Wangeci,TOROR SERVICE STATION ELDORET P000639961M,2023-05-16T11:16:52,2023-05-16T11:16:52
TOTAL CHOKAA,,TOTAL  CHOKAA,,,False,,,Samuel Muchemi,TOTAL CHOKAA,2022-09-28T18:18:09,2022-09-28T18:18:09
TOTAL CLAY CITY P051809768F,,,,,False,,,Mary Wangeci,TOTAL CLAY CITY P051809768F,2023-08-31T14:05:17,2023-12-19T11:38:26
TOTAL ENERGIES BURNT FOREST A005990696P,,TOTAL ENERGIES BURNT FOREST A005990696P,,,False,,,Mary Wangeci,TOTAL ENERGIES BURNT FOREST A005990696P,2023-03-29T15:29:05,2023-03-29T15:29:05
TOTAL ENERGIES GATITU A006597075N,,TOTAL ENERGIES GATITU A006597075N,,,False,,,Mary Wangeci,TOTAL ENERGIES GATITU A006597075N,2025-08-06T15:11:23,2025-08-06T15:11:23
TOTAL ENERGIES GITARU P051442051T,,TOTAL ENERGIES GITARU P051442051T,,,False,,,Mary Wangeci,TOTAL ENERGIES GITARU P051442051T,2023-05-16T11:15:06,2023-05-16T11:15:06
TOTAL ENERGIES MACHAKOS A003856300S,,,,,False,,,Mary Wangeci,TOTAL ENERGIES MACHAKOS A003856300S,2023-09-28T15:45:26,2023-09-28T15:45:26
TOTAL ENERGIES NAIVASHA A003329068C,,TOTAL ENERGIES NAIVASHA,,,False,,,Mary Wangeci,TOTAL ENERGIES NAIVASHA A003329068C,2023-05-24T15:34:29,2023-06-06T14:38:46
TOTAL ENERGIES NAROK A004210042U,,TOTAL ENERGIES NAROK A004210042U,,,False,,,Mary Wangeci,TOTAL ENERGIES NAROK A004210042U,2023-03-29T15:30:15,2023-03-29T15:30:15
TOTAL ENERGIES RUARAKA P051410217H,,,,,False,,,Mary Wangeci,TOTAL ENERGIES RUARAKA P051410217H,2024-03-08T11:35:18,2024-03-08T11:35:18
TOTAL ENERGIES SERVICE STATION A004902562Y,,,,,False,,,Mary Wangeci,TOTAL ENERGIES SERVICE STATION A004902562Y,2023-09-05T08:04:20,2023-09-05T08:04:20
TOTAL ENERGY TWO RIVERS P051797370Y,,TOTAL ENERGY TWO RIVERS P051797370Y,,,False,,,Mary Wangeci,TOTAL ENERGY TWO RIVERS P051797370Y,2025-06-05T11:14:28,2025-06-05T11:14:28
TOTAL FUEL STATION JOMOKO P051432501L,,,,,False,,,Mary Wangeci,TOTAL FUEL STATION JOMOKO P051432501L,2023-08-14T12:23:02,2023-08-14T12:23:02
TOTAL FUEL TRUST LTD CHOKAA,,,,,False,,,Mary Wangeci,TOTAL FUEL TRUST LTD CHOKAA,2023-11-01T14:40:44,2023-11-01T14:40:44
TOTAL KANGUNDO ROAD,,TOTAL KANGUNDO ROAD,,,False,,,Samuel Muchemi,TOTAL KANGUNDO ROAD,2022-09-28T18:18:09,2022-09-28T18:18:09
TOTAL KATHWANA,,TOTAL  KATHWANA,,,False,,,Samuel Muchemi,TOTAL KATHWANA,2022-09-28T18:18:09,2022-09-28T18:18:09
TOTAL KOMAROK STATION P051584964T,,TOTAL KOMAROK STATION P051584964T,,,False,,,Mary Wangeci,TOTAL KOMAROK STATION P051584964T,2023-05-10T12:07:01,2023-05-10T12:07:01
Total Mwiki Service Station P051588878I,,Total Mwiki Service Station,,,False,,,Mary Wangeci,Total Mwiki Service Station P051588878I,2022-09-28T18:18:09,2023-06-08T15:09:32
Total Rabai Service Station A005761253S,,Total Rabai Service Station A005761253S,,,False,,,Samuel Muchemi,Total Rabai Service Station A005761253S,2022-09-28T18:18:09,2022-09-28T18:18:09
TOTAL RUAKA P051339330C,,TOTAL RUAKA P051339330C,,,False,,,Mary Wangeci,TOTAL RUAKA P051339330C,2023-03-29T15:28:05,2023-03-29T15:28:05
TOTAL WOTE SERVICE STATION,,TOTAL WOTE SERVICE STATION,,,False,,,Samuel Muchemi,TOTAL WOTE SERVICE STATION,2022-09-28T18:18:10,2022-09-28T18:18:10
TransAfrica Medical Supplies,,TransAfrica Medical Supplies,,0720094722,False,,-15000.0,Samuel Muchemi,TransAfrica Medical Supplies,2022-09-28T18:18:10,2025-11-13T09:19:17
Triad Auto Spares,,Triad Auto Spares,,,False,,,Samuel Muchemi,Triad Auto Spares,2022-09-28T18:18:10,2022-09-28T18:18:10
TRIPPLE O HOTEL P051538083S,,TRIPPLE O HOTEL,,,False,,,Mary Wangeci,TRIPPLE O HOTEL P051538083S,2022-09-28T18:18:10,2023-07-03T15:10:26
TRIZAK LIMITED P051830863K,,,,,False,,,Mary Wangeci,TRIZAK LIMITED P051830863K,2024-09-02T14:04:48,2024-09-02T14:04:48
TROPICAL LOGISTICS LTD P051332854B,,TROPICAL LOGISTICS LTD P051332854B,,,False,,,Mary Wangeci,TROPICAL LOGISTICS LTD P051332854B,2023-02-28T12:40:43,2023-02-28T12:40:43
Tumaini Jema Electricals,,Tumaini Jema Electricals,,,False,,,Samuel Muchemi,Tumaini Jema Electricals,2022-09-28T18:18:10,2022-09-28T18:18:10
Tumaini Njema Electricals P051592901Z,,Tumaini Njema Electricals P051592901Z,,,False,,,Mary Wangeci,Tumaini Njema Electricals P051592901Z,2022-11-03T11:48:59,2022-11-03T11:48:59
TURNPO LIMITED EMALI P051238331Z,,,,,False,,,Mary Wangeci,TURNPO LIMITED EMALI P051238331Z,2024-02-08T09:12:18,2024-02-08T09:12:18
Tuskys,,Tuskys,,,False,,,Samuel Muchemi,Tuskys,2022-09-28T18:18:10,2022-09-28T18:18:10
TWO FIVE FOUR WHEELZ P052011142C,,,,,False,,,Mary Wangeci,TWO FIVE FOUR WHEELZ P052011142C,2023-09-21T09:35:47,2023-09-21T09:35:47
TWO MICE TRADING,,TWO MICE TRADING,,,False,,,Samuel Muchemi,TWO MICE TRADING,2022-09-28T18:18:10,2022-09-28T18:18:10
UKASH AND BROTHERS,,UKASH AND BROTHERS,,,False,,,Samuel Muchemi,UKASH AND BROTHERS,2022-09-28T18:18:10,2022-09-28T18:18:10
UMII GENERAL TRADING P051976003U,,,,,False,,,Mary Wangeci,UMII GENERAL TRADING P051976003U,2024-10-02T14:50:04,2024-10-02T14:50:04
UNIQUE TRADERS,,UNIQUE TRADERS,,,False,,,Mary Wangeci,UNIQUE TRADERS,2023-05-03T09:49:30,2023-05-03T09:49:30
UNIVERSAL DEALERS OFFICE FURNITURE,,UNIVERSAL DEALERS OFFICE FURNITURE,,,False,,,Samuel Muchemi,UNIVERSAL DEALERS OFFICE FURNITURE,2022-09-28T18:18:11,2022-09-28T18:18:11
UPPER LAND PETROL STATION,,UPPER LAND PETROL STATION,,,False,,,Samuel Muchemi,UPPER LAND PETROL STATION,2022-09-28T18:18:11,2022-09-28T18:18:11
UPS Courier,,UPS  Courier,,,False,,,Samuel Muchemi,UPS Courier,2022-09-28T18:18:11,2022-09-28T18:18:11
VANBEEKS BIOLOGICS,,,,,False,,-262080.0,Mary Wangeci,VANBEEKS BIOLOGICS,2024-03-05T16:42:07,2025-12-10T10:59:08
venus autospares,,venus  autospares,,,False,,,Samuel Muchemi,venus autospares,2022-09-28T18:18:11,2022-09-28T18:18:11
VENUS ELECTRICALS,,VENUS ELECTRICALS,,,False,,,Mary Wangeci,VENUS ELECTRICALS,2023-04-28T12:05:10,2023-04-28T12:05:10
VENUS HARDWARE & GENERAL STORES,,,,,False,,,Mary Wangeci,VENUS HARDWARE & GENERAL STORES,2023-08-02T09:10:59,2023-08-02T09:10:59
Versatile Auto Services,,Versatile Auto Services,,,False,,,Samuel Muchemi,Versatile Auto Services,2022-09-28T18:18:11,2022-09-28T18:18:11
vetagro,,,,,False,,,Mary Wangeci,vetagro,2024-01-12T09:50:25,2024-01-12T09:50:25
Viashla Premier Service Station P051975771B,,Viashla Premier Service Station P051975771B,,,False,,,Mary Wangeci,Viashla Premier Service Station P051975771B,2022-11-03T12:47:48,2022-11-03T12:47:48
VIBHUTI HARDWARE LTD,,VIBHUTI HARDWARE LTD,,,False,,,Samuel Muchemi,VIBHUTI HARDWARE LTD,2022-09-28T18:18:11,2022-09-28T18:18:11
VICTORIA COURTS TRADING LTD P051399597F,,,,,False,,,Mary Wangeci,VICTORIA COURTS TRADING LTD P051399597F,2023-10-03T12:19:43,2023-10-03T12:19:43
VICTORION SERVICE STATION P051426821B,,VICTORION SERVICE STATION P051426821B,,,False,,,Mary Wangeci,VICTORION SERVICE STATION P051426821B,2023-03-29T15:33:47,2023-03-29T15:33:47
Vincy Petroleum Ltd P051943916I,,Vincy Petroleum Ltd P051943916I,,,False,,,Samuel Muchemi,Vincy Petroleum Ltd P051943916I,2022-09-28T18:18:11,2022-09-28T18:18:11
VIPLY HARDWARE,,VIPLY HARDWARE,,,False,,,Mary Wangeci,VIPLY HARDWARE,2023-06-08T15:06:44,2023-06-08T15:06:44
VIRGINIA VENTURES,,VIRGINIA  VENTURES,,,False,,,Samuel Muchemi,VIRGINIA VENTURES,2022-09-28T18:18:11,2022-09-28T18:18:11
VIVO HADA AUTOMOBILE CO. LTD,,VIVO HADA AUTOMOBILE CO. LTD,,,False,,,Samuel Muchemi,VIVO HADA AUTOMOBILE CO. LTD,2022-09-28T18:18:12,2022-09-28T18:18:12
WAFULA CREDIBLE BLOOMS,,WAFULA CREDIBLE BLOOMS,,,False,,,Mary Wangeci,WAFULA CREDIBLE BLOOMS,2025-04-01T11:34:18,2025-04-01T11:34:18
WAIYAKI WAY TOTAL ENERGIES A008805975R,,,,,False,,,Mary Wangeci,WAIYAKI WAY TOTAL ENERGIES A008805975R,2023-08-31T14:16:42,2023-08-31T14:16:42
WAKAMARE STEEL HARDWARE & GENERAL MERCHANT,,WAKAMARE STEEL HARDWARE & GENERAL MERCHANT,,,False,,,Mary Wangeci,WAKAMARE STEEL HARDWARE & GENERAL MERCHANT,2023-05-11T12:43:04,2023-05-11T12:43:04
WAKS AUTOPARTS LTDP051684012V,,WAKS AUTOPARTS LTDP051684012V,,,False,,,Samuel Muchemi,WAKS AUTOPARTS LTDP051684012V,2022-09-28T18:18:12,2022-09-28T18:18:12
Wambi Auto Tyres,,Wambi Auto Tyres,,,False,,,Samuel Muchemi,Wambi Auto Tyres,2022-09-28T18:18:12,2022-09-28T18:18:12
Wanjovi uto Spares,,Wanjovi uto Spares,,,False,,,Samuel Muchemi,Wanjovi uto Spares,2022-09-28T18:18:12,2022-09-28T18:18:12
WANYOIKE-THIKA FARMERS,,WANYOIKE-THIKA  FARMERS,,,False,,,Mary Wangeci,WANYOIKE-THIKA FARMERS,2025-08-06T10:42:45,2025-08-06T10:42:45
WARENG SERVICE STATION P051301022B,,WARENG SERVICE STATION P051301022B,,,False,,,Samuel Muchemi,WARENG SERVICE STATION P051301022B,2022-09-28T18:18:12,2022-09-28T18:18:12
Waste Management,,Waste  Management,,,False,,,Samuel Muchemi,Waste Management,2022-09-28T18:18:12,2022-09-28T18:18:12
WEON NETWORKS,,WEON  NETWORKS,,,False,,,Mary Wangeci,WEON NETWORKS,2025-12-23T14:26:44,2025-12-23T14:26:44
WESON INVESTMENT LTD P051316956M,,,,,False,,,Mary Wangeci,WESON INVESTMENT LTD P051316956M,2024-07-30T11:38:54,2024-07-30T11:38:54
WILLIAM GWARO,,,,,False,,,Mary Wangeci,WILLIAM GWARO,2023-11-01T07:35:43,2023-11-01T07:35:43
WIMCO MOTOR ACCESSORIES,,WIMCO MOTOR ACCESSORIES,,,False,,,Samuel Muchemi,WIMCO MOTOR ACCESSORIES,2022-09-28T18:18:12,2022-09-28T18:18:12
WITIMA HARDWARE,,WITIMA  HARDWARE,,,False,,,Mary Wangeci,WITIMA HARDWARE,2025-03-10T10:06:18,2025-03-10T10:06:18
WOTE SERVICE STATION P051595758Y,,,,,False,,,Mary Wangeci,WOTE SERVICE STATION P051595758Y,2023-08-14T12:26:10,2023-08-14T12:26:10
XPLICO INSURANCE CO. LTD,,XPLICO INSURANCE CO. LTD,,,False,,,Samuel Muchemi,XPLICO INSURANCE CO. LTD,2022-09-28T18:18:12,2022-09-28T18:18:12
YOFARM INDUSTRIAL COMPANY LTD,enjoychina@126.com,,"Keneng Technology Park, Hengliu Road Zhangzhou Fujian  China",0086 -13063008113,False,,-523793.82,Sheila Maina,YOFARM INDUSTRIAL COMPANY LTD,2023-08-24T11:44:58,2024-05-24T08:48:20
Zheng Hong K Ltd,,Zheng Hong K Ltd,,,False,,,Mary Wangeci,Zheng Hong K Ltd,2022-11-03T11:16:22,2022-11-03T11:16:22
ZIPPORAH MWIKALI A003760070Q,,,,,False,,,Mary Wangeci,ZIPPORAH MWIKALI A003760070Q,2024-11-06T09:39:05,2024-11-06T09:39:05
ZM PETROLEUM LIMITED P051432685I,,,,,False,,,Mary Wangeci,ZM PETROLEUM LIMITED P051432685I,2024-10-02T14:51:14,2024-10-02T14:51:14
